Date_Time,Power(kW)
2019-01-01 00:00:00,87.65268924310212
2019-01-01 01:00:00,87.65268924310212
2019-01-01 02:00:00,87.06386641261021
2019-01-01 03:00:00,90.48281068603629
2019-01-01 04:00:00,85.24561941276603
2019-01-01 05:00:00,89.29935303244184
2019-01-01 06:00:00,87.22891609931666
2019-01-01 07:00:00,108.79959476294438
2019-01-01 08:00:00,105.21086764509717
2019-01-01 09:00:00,109.44613089241415
2019-01-01 10:00:00,112.4895897988827
2019-01-01 11:00:00,120.8817016095001
2019-01-01 12:00:00,111.37841985491183
2019-01-01 13:00:00,111.32401509444067
2019-01-01 14:00:00,113.81522357007411
2019-01-01 15:00:00,109.94990889384675
2019-01-01 16:00:00,107.44987421332362
2019-01-01 17:00:00,97.49386635657972
2019-01-01 18:00:00,104.05758204196823
2019-01-01 19:00:00,97.36148663943843
2019-01-01 20:00:00,96.70335358518435
2019-01-01 21:00:00,96.70335358518435
2019-01-01 22:00:00,90.47391083255623
2019-01-01 23:00:00,87.68480310697956
2019-01-02 00:00:00,89.6365781645036
2019-01-02 01:00:00,105.66579363335056
2019-01-02 02:00:00,101.94396462104034
2019-01-02 03:00:00,103.79889923896661
2019-01-02 04:00:00,103.408196617069
2019-01-02 05:00:00,108.02884304583597
2019-01-02 06:00:00,103.80964448959467
2019-01-02 07:00:00,136.7009042737051
2019-01-02 08:00:00,223.00782575911737
2019-01-02 09:00:00,232.01553157698274
2019-01-02 10:00:00,256.2928921522254
2019-01-02 11:00:00,264.54570903314067
2019-01-02 12:00:00,325.3127098015431
2019-01-02 13:00:00,271.67156520197824
2019-01-02 14:00:00,283.9439552219064
2019-01-02 15:00:00,293.90721368837757
2019-01-02 16:00:00,270.65525287332224
2019-01-02 17:00:00,241.04017772234621
2019-01-02 18:00:00,202.33021200695734
2019-01-02 19:00:00,153.4303410301694
2019-01-02 20:00:00,140.2820253397707
2019-01-02 21:00:00,122.19511348073529
2019-01-02 22:00:00,110.3612785105795
2019-01-02 23:00:00,103.65323489370255
2019-01-03 00:00:00,104.38772206945852
2019-01-03 01:00:00,113.16138479737968
2019-01-03 02:00:00,111.13960813826193
2019-01-03 03:00:00,108.17109545794052
2019-01-03 04:00:00,109.29064534993245
2019-01-03 05:00:00,106.26952871857529
2019-01-03 06:00:00,104.79358831312888
2019-01-03 07:00:00,153.9535551878049
2019-01-03 08:00:00,217.90657791385343
2019-01-03 09:00:00,255.95059200231495
2019-01-03 10:00:00,262.054506576452
2019-01-03 11:00:00,276.52714270950565
2019-01-03 12:00:00,335.90280105282596
2019-01-03 13:00:00,314.76992015927755
2019-01-03 14:00:00,295.2685176127947
2019-01-03 15:00:00,297.8174383436015
2019-01-03 16:00:00,264.9148031768095
2019-01-03 17:00:00,248.12386786131242
2019-01-03 18:00:00,201.9447857162709
2019-01-03 19:00:00,188.6154851525281
2019-01-03 20:00:00,140.25769567316556
2019-01-03 21:00:00,123.12092580988501
2019-01-03 22:00:00,114.47649479499908
2019-01-03 23:00:00,115.10633134284849
2019-01-04 00:00:00,109.04759595854296
2019-01-04 01:00:00,105.95129395543744
2019-01-04 02:00:00,102.11665656698142
2019-01-04 03:00:00,102.11665656698142
2019-01-04 04:00:00,99.5218267672502
2019-01-04 05:00:00,101.54922026450558
2019-01-04 06:00:00,100.07327985905917
2019-01-04 07:00:00,149.23095358294628
2019-01-04 08:00:00,209.00359747121348
2019-01-04 09:00:00,211.8452567550844
2019-01-04 10:00:00,250.0116487806109
2019-01-04 11:00:00,325.9595713247025
2019-01-04 12:00:00,321.4738070003798
2019-01-04 13:00:00,325.6418800998654
2019-01-04 14:00:00,324.6821654980433
2019-01-04 15:00:00,321.279320851494
2019-01-04 16:00:00,308.83146365141494
2019-01-04 17:00:00,314.7603259647423
2019-01-04 18:00:00,276.01168618682624
2019-01-04 19:00:00,182.08975306377565
2019-01-04 20:00:00,186.54296763754212
2019-01-04 21:00:00,140.2820253397707
2019-01-04 22:00:00,122.38959962962105
2019-01-04 23:00:00,115.4882647544803
2019-01-05 00:00:00,109.09650313692076
2019-01-05 01:00:00,104.38772206945852
2019-01-05 02:00:00,108.04330613515641
2019-01-05 03:00:00,102.1016756203431
2019-01-05 04:00:00,102.9073471307006
2019-01-05 05:00:00,104.41459410064901
2019-01-05 06:00:00,101.40806794967848
2019-01-05 07:00:00,126.70335710928637
2019-01-05 08:00:00,112.05069259433965
2019-01-05 09:00:00,117.2747357043352
2019-01-05 10:00:00,187.38256546790137
2019-01-05 11:00:00,261.1678426262074
2019-01-05 12:00:00,164.75559022643534
2019-01-05 13:00:00,174.03412362638483
2019-01-05 14:00:00,174.10434308297536
2019-01-05 15:00:00,157.80951547454228
2019-01-05 16:00:00,154.6274488921218
2019-01-05 17:00:00,151.40337224879264
2019-01-05 18:00:00,154.9908657246329
2019-01-05 19:00:00,145.0204094649482
2019-01-05 20:00:00,122.19511348073529
2019-01-05 21:00:00,122.19511348073529
2019-01-05 22:00:00,114.85842820663089
2019-01-05 23:00:00,100.52022871188423
2019-01-06 00:00:00,104.54543306876128
2019-01-06 01:00:00,63.68243245438748
2019-01-06 02:00:00,62.99655411977322
2019-01-06 03:00:00,62.99655411977322
2019-01-06 04:00:00,61.993638151958955
2019-01-06 05:00:00,63.90251177551906
2019-01-06 06:00:00,62.42657137007264
2019-01-06 07:00:00,86.19127478415645
2019-01-06 08:00:00,72.82907968287418
2019-01-06 09:00:00,59.36291437847016
2019-01-06 10:00:00,52.64786081936843
2019-01-06 11:00:00,66.30552204518567
2019-01-06 12:00:00,65.8521272749679
2019-01-06 13:00:00,61.46159970605263
2019-01-06 14:00:00,62.41163307348906
2019-01-06 15:00:00,58.170554330063204
2019-01-06 16:00:00,66.27627460137491
2019-01-06 17:00:00,64.69262361476763
2019-01-06 18:00:00,63.175252163665924
2019-01-06 19:00:00,62.73026043638991
2019-01-06 20:00:00,62.73026043638991
2019-01-06 21:00:00,64.14881400885946
2019-01-06 22:00:00,70.50806580218939
2019-01-06 23:00:00,64.7290681554057
2019-01-07 00:00:00,64.77480592091914
2019-01-07 01:00:00,101.1159248034289
2019-01-07 02:00:00,94.51143900273287
2019-01-07 03:00:00,94.72072004864482
2019-01-07 04:00:00,99.5218267672502
2019-01-07 05:00:00,95.48807183678831
2019-01-07 06:00:00,97.05806511909472
2019-01-07 07:00:00,134.9415899464444
2019-01-07 08:00:00,303.0301923980897
2019-01-07 09:00:00,261.79527002596865
2019-01-07 10:00:00,326.1322086362967
2019-01-07 11:00:00,330.8188851096836
2019-01-07 12:00:00,348.05761987142625
2019-01-07 13:00:00,334.7959039648371
2019-01-07 14:00:00,345.4110763839571
2019-01-07 15:00:00,340.5319508499471
2019-01-07 16:00:00,358.89807644945967
2019-01-07 17:00:00,325.4103324735964
2019-01-07 18:00:00,292.5487298698829
2019-01-07 19:00:00,191.39402022604713
2019-01-07 20:00:00,144.62572289732944
2019-01-07 21:00:00,122.19511348073529
2019-01-07 22:00:00,106.11970034895866
2019-01-07 23:00:00,106.74953689680807
2019-01-08 00:00:00,106.40148275171285
2019-01-08 01:00:00,109.09650313692076
2019-01-08 02:00:00,107.88559513585365
2019-01-08 03:00:00,70.59481728506033
2019-01-08 04:00:00,63.315136220306165
2019-01-08 05:00:00,72.3243960703005
2019-01-08 06:00:00,70.71574812177899
2019-01-08 07:00:00,87.60982835662601
2019-01-08 08:00:00,72.15360522948893
2019-01-08 09:00:00,59.36291437847016
2019-01-08 10:00:00,51.302324662099124
2019-01-08 11:00:00,68.0422633570248
2019-01-08 12:00:00,340.6515439774047
2019-01-08 13:00:00,330.9225629268524
2019-01-08 14:00:00,358.42393462739176
2019-01-08 15:00:00,341.45856128823414
2019-01-08 16:00:00,331.5222600208092
2019-01-08 17:00:00,325.3792607630457
2019-01-08 18:00:00,275.24103235359905
2019-01-08 19:00:00,174.56015187906806
2019-01-08 20:00:00,130.02254990352608
2019-01-08 21:00:00,114.66394205774513
2019-01-08 22:00:00,103.02339834585314
2019-01-08 23:00:00,106.74953689680807
2019-01-09 00:00:00,102.563521270194
2019-01-09 01:00:00,92.15812500410829
2019-01-09 02:00:00,94.3537280034301
2019-01-09 03:00:00,92.62441060674054
2019-01-09 04:00:00,92.01366470712402
2019-01-09 05:00:00,95.97034282267748
2019-01-09 06:00:00,92.01287749355997
2019-01-09 07:00:00,117.7768348454257
2019-01-09 08:00:00,102.65550213822115
2019-01-09 09:00:00,95.18127332880704
2019-01-09 10:00:00,85.86100782772822
2019-01-09 11:00:00,104.48950807066528
2019-01-09 12:00:00,108.93139400872721
2019-01-09 13:00:00,100.66504228238763
2019-01-09 14:00:00,108.9095775732664
2019-01-09 15:00:00,100.5319256710584
2019-01-09 16:00:00,101.17521241310672
2019-01-09 17:00:00,94.80420467863385
2019-01-09 18:00:00,94.29117502553105
2019-01-09 19:00:00,98.95569840341095
2019-01-09 20:00:00,93.73395775646544
2019-01-09 21:00:00,93.84618329825504
2019-01-09 22:00:00,92.37994812456684
2019-01-09 23:00:00,93.00978467241625
2019-01-10 00:00:00,94.94255083392201
2019-01-10 01:00:00,113.3380812985416
2019-01-10 02:00:00,107.88559513585365
2019-01-10 03:00:00,111.31630463942385
2019-01-10 04:00:00,103.408196617069
2019-01-10 05:00:00,120.72513236418085
2019-01-10 06:00:00,112.80349331654631
2019-01-10 07:00:00,228.39336127651026
2019-01-10 08:00:00,279.9662472686072
2019-01-10 09:00:00,308.48959168312336
2019-01-10 10:00:00,339.589537574973
2019-01-10 11:00:00,367.18660016192285
2019-01-10 12:00:00,389.5070856428945
2019-01-10 13:00:00,391.0523991375567
2019-01-10 14:00:00,394.8331559436578
2019-01-10 15:00:00,391.9428006923877
2019-01-10 16:00:00,399.3152331480359
2019-01-10 17:00:00,304.32303526412664
2019-01-10 18:00:00,295.63926128950953
2019-01-10 19:00:00,171.85606036256402
2019-01-10 20:00:00,186.54296763754212
2019-01-10 21:00:00,122.19511348073529
2019-01-10 22:00:00,114.85842820663089
2019-01-10 23:00:00,103.65323489370255
2019-01-11 00:00:00,105.82350463265333
2019-01-11 01:00:00,104.6732223915454
2019-01-11 02:00:00,102.22946494312721
2019-01-11 03:00:00,102.22946494312721
2019-01-11 04:00:00,99.5218267672502
2019-01-11 05:00:00,106.26952871857529
2019-01-11 06:00:00,101.40806794967848
2019-01-11 07:00:00,253.70154572277073
2019-01-11 08:00:00,246.99144584401887
2019-01-11 09:00:00,225.73428820536827
2019-01-11 10:00:00,211.8452567550844
2019-01-11 11:00:00,144.16657736174656
2019-01-11 12:00:00,142.8095712578798
2019-01-11 13:00:00,140.29290049424932
2019-01-11 14:00:00,140.29290049424932
2019-01-11 15:00:00,136.20243976825324
2019-01-11 16:00:00,130.2309624465134
2019-01-11 17:00:00,130.78063700107563
2019-01-11 18:00:00,127.11892626511731
2019-01-11 19:00:00,122.19511348073529
2019-01-11 20:00:00,105.9252142000729
2019-01-11 21:00:00,103.4360884605732
2019-01-11 22:00:00,99.95677475253889
2019-01-11 23:00:00,102.44154591831457
2019-01-12 00:00:00,102.70547939747333
2019-01-12 01:00:00,101.37069130685401
2019-01-12 02:00:00,100.7818684763621
2019-01-12 03:00:00,94.72072004864482
2019-01-12 04:00:00,95.17182393666644
2019-01-12 05:00:00,102.88400835512489
2019-01-12 06:00:00,94.0121314313419
2019-01-12 07:00:00,117.7768348454257
2019-01-12 08:00:00,112.05069259433965
2019-01-12 09:00:00,98.22720701655986
2019-01-12 10:00:00,95.18127332880704
2019-01-12 11:00:00,113.91988488186976
2019-01-12 12:00:00,106.7255244415418
2019-01-12 13:00:00,106.83739808992851
2019-01-12 14:00:00,108.17218618054783
2019-01-12 15:00:00,104.0817254545518
2019-01-12 16:00:00,105.92219915489677
2019-01-12 17:00:00,109.06701593912344
2019-01-12 18:00:00,94.29117502553105
2019-01-12 19:00:00,96.89211698600788
2019-01-12 20:00:00,98.95569840341095
2019-01-12 21:00:00,99.61383145766503
2019-01-12 22:00:00,93.9284439053512
2019-01-12 23:00:00,97.71643968274304
2019-01-13 00:00:00,101.1159248034289
2019-01-13 01:00:00,101.27363580273166
2019-01-13 02:00:00,94.72072004864482
2019-01-13 03:00:00,100.7818684763621
2019-01-13 04:00:00,95.17182393666644
2019-01-13 05:00:00,95.48807183678831
2019-01-13 06:00:00,97.05806511909472
2019-01-13 07:00:00,123.83798327314297
2019-01-13 08:00:00,110.04043005033509
2019-01-13 09:00:00,103.98727273395328
2019-01-13 10:00:00,105.24832044454794
2019-01-13 11:00:00,114.9683272286247
2019-01-13 12:00:00,112.56287877800304
2019-01-13 13:00:00,115.37845306572113
2019-01-13 14:00:00,116.20547529541359
2019-01-13 15:00:00,109.1939964209264
2019-01-13 16:00:00,106.69314058529665
2019-01-13 17:00:00,107.24281513985892
2019-01-13 18:00:00,104.00959304260567
2019-01-13 19:00:00,101.55084063307534
2019-01-13 20:00:00,99.69590601514906
2019-01-13 21:00:00,99.72663983381082
2019-01-13 22:00:00,103.02339834585314
2019-01-13 23:00:00,100.4381541544002
2019-01-14 00:00:00,101.1159248034289
2019-01-14 01:00:00,102.45071289404821
2019-01-14 02:00:00,102.01960106285907
2019-01-14 03:00:00,102.11665656698142
2019-01-14 04:00:00,98.18703867663089
2019-01-14 05:00:00,102.88400835512489
2019-01-14 06:00:00,101.40806794967848
2019-01-14 07:00:00,134.9415899464444
2019-01-14 08:00:00,217.21369068387918
2019-01-14 09:00:00,250.4666070009723
2019-01-14 10:00:00,262.23183537392947
2019-01-14 11:00:00,274.8120318575947
2019-01-14 12:00:00,325.3127098015431
2019-01-14 13:00:00,283.8737357653158
2019-01-14 14:00:00,296.5257662442591
2019-01-14 15:00:00,303.66276836658005
2019-01-14 16:00:00,291.1742071461692
2019-01-14 17:00:00,265.55102569418466
2019-01-14 18:00:00,223.4001148616763
2019-01-14 19:00:00,188.45662488905816
2019-01-14 20:00:00,140.09883540969562
2019-01-14 21:00:00,122.96206554641506
2019-01-14 22:00:00,122.38959962962105
2019-01-14 23:00:00,106.74953689680807
2019-01-15 00:00:00,107.70566253934925
2019-01-15 01:00:00,104.38772206945852
2019-01-15 02:00:00,102.01960106285907
2019-01-15 03:00:00,103.95661023826938
2019-01-15 04:00:00,99.42477126312785
2019-01-15 05:00:00,103.47850488280366
2019-01-15 06:00:00,112.39429150675791
2019-01-15 07:00:00,136.2917024639167
2019-01-15 08:00:00,218.52067115188308
2019-01-15 09:00:00,250.17333028110633
2019-01-15 10:00:00,262.23183537392947
2019-01-15 11:00:00,282.8786055377107
2019-01-15 12:00:00,334.7081137228719
2019-01-15 13:00:00,288.866921805615
2019-01-15 14:00:00,314.3088837650475
2019-01-15 15:00:00,300.654511075433
2019-01-15 16:00:00,297.3835705933735
2019-01-15 17:00:00,262.6217233489668
2019-01-15 18:00:00,231.94131825565432
2019-01-15 19:00:00,186.54296763754212
2019-01-15 20:00:00,140.09883540969562
2019-01-15 21:00:00,122.96206554641506
2019-01-15 22:00:00,122.38959962962105
2019-01-15 23:00:00,103.65323489370255
2019-01-16 00:00:00,104.38772206945852
2019-01-16 01:00:00,102.45071289404821
2019-01-16 02:00:00,101.8618900635563
2019-01-16 03:00:00,103.79889923896661
2019-01-16 04:00:00,99.42477126312785
2019-01-16 05:00:00,102.88400835512489
2019-01-16 06:00:00,94.0121314313419
2019-01-16 07:00:00,134.9415899464444
2019-01-16 08:00:00,213.79891076119796
2019-01-16 09:00:00,228.63766517004947
2019-01-16 10:00:00,258.8539689669962
2019-01-16 11:00:00,278.79997537068704
2019-01-16 12:00:00,325.6418800998654
2019-01-16 13:00:00,300.8489972243188
2019-01-16 14:00:00,317.1908371776707
2019-01-16 15:00:00,290.0189304332872
2019-01-16 16:00:00,284.6165712826191
2019-01-16 17:00:00,262.6217233489668
2019-01-16 18:00:00,231.94131825565432
2019-01-16 19:00:00,186.54296763754212
2019-01-16 20:00:00,141.43291598910793
2019-01-16 21:00:00,130.02254990352608
2019-01-16 22:00:00,114.92481079513496
2019-01-16 23:00:00,106.81591948531214
2019-01-17 00:00:00,108.91980663575885
2019-01-17 01:00:00,108.91980663575885
2019-01-17 02:00:00,108.04330613515641
2019-01-17 03:00:00,103.95661023826938
2019-01-17 04:00:00,109.9492058356036
2019-01-17 05:00:00,107.61964123604757
2019-01-17 06:00:00,104.79358831312888
2019-01-17 07:00:00,155.3036677052772
2019-01-17 08:00:00,226.68917595943586
2019-01-17 09:00:00,243.27546234738088
2019-01-17 10:00:00,262.23183537392947
2019-01-17 11:00:00,282.80838608112015
2019-01-17 12:00:00,334.6378942662813
2019-01-17 13:00:00,285.60140895032305
2019-01-17 14:00:00,301.47954152781864
2019-01-17 15:00:00,300.654511075433
2019-01-17 16:00:00,296.67346106968347
2019-01-17 17:00:00,264.2646699335659
2019-01-17 18:00:00,222.2746937158516
2019-01-17 19:00:00,186.54296763754212
2019-01-17 20:00:00,140.70601167330145
2019-01-17 21:00:00,130.6297261671319
2019-01-17 22:00:00,114.92481079513496
2019-01-17 23:00:00,106.81591948531214
2019-01-18 00:00:00,102.60842389335097
2019-01-18 01:00:00,102.69049845083501
2019-01-18 02:00:00,108.04330613515641
2019-01-18 03:00:00,102.13240943900486
2019-01-18 04:00:00,109.9492058356036
2019-01-18 05:00:00,103.47850488280366
2019-01-18 06:00:00,101.86985693428215
2019-01-18 07:00:00,155.3036677052772
2019-01-18 08:00:00,217.6060985236909
2019-01-18 09:00:00,243.27546234738088
2019-01-18 10:00:00,262.23183537392947
2019-01-18 11:00:00,282.8786055377107
2019-01-18 12:00:00,329.55100235761927
2019-01-18 13:00:00,283.29759622228715
2019-01-18 14:00:00,300.8489972243188
2019-01-18 15:00:00,296.3715412527239
2019-01-18 16:00:00,275.4268877313509
2019-01-18 17:00:00,249.40062911981144
2019-01-18 18:00:00,212.63444234124955
2019-01-18 19:00:00,188.45662488905816
2019-01-18 20:00:00,130.02254990352608
2019-01-18 21:00:00,122.19511348073529
2019-01-18 22:00:00,110.3612785105795
2019-01-18 23:00:00,103.65323489370255
2019-01-19 00:00:00,102.53278745153224
2019-01-19 01:00:00,104.38772206945852
2019-01-19 02:00:00,101.8618900635563
2019-01-19 03:00:00,101.8618900635563
2019-01-19 04:00:00,99.42477126312785
2019-01-19 05:00:00,98.84500807560619
2019-01-19 06:00:00,101.86985693428215
2019-01-19 07:00:00,124.43247980082174
2019-01-19 08:00:00,122.78588336493421
2019-01-19 09:00:00,144.88375625416813
2019-01-19 10:00:00,143.51539457080864
2019-01-19 11:00:00,125.52335097459628
2019-01-19 12:00:00,139.9695825501536
2019-01-19 13:00:00,119.98178838349438
2019-01-19 14:00:00,119.98178838349438
2019-01-19 15:00:00,123.84099934991951
2019-01-19 16:00:00,123.16434431355428
2019-01-19 17:00:00,115.44334128548581
2019-01-19 18:00:00,115.44334128548581
2019-01-19 19:00:00,110.16679236169374
2019-01-19 20:00:00,105.9252142000729
2019-01-19 21:00:00,105.9252142000729
2019-01-19 22:00:00,101.7453267819611
2019-01-19 23:00:00,100.4381541544002
2019-01-20 00:00:00,101.1159248034289
2019-01-20 01:00:00,95.05477637571161
2019-01-20 02:00:00,100.52710197293699
2019-01-20 03:00:00,94.4659535452197
2019-01-20 04:00:00,91.7588982036989
2019-01-20 05:00:00,99.5377038620083
2019-01-20 06:00:00,94.88312222573397
2019-01-20 07:00:00,121.82646687064569
2019-01-20 08:00:00,114.21912659826864
2019-01-20 09:00:00,112.54069247296704
2019-01-20 10:00:00,107.9485680338994
2019-01-20 11:00:00,114.75444978664494
2019-01-20 12:00:00,116.20547529541359
2019-01-20 13:00:00,116.20547529541359
2019-01-20 14:00:00,115.37894103732224
2019-01-20 15:00:00,109.1939964209264
2019-01-20 16:00:00,108.51734138456116
2019-01-20 17:00:00,107.50826120199865
2019-01-20 18:00:00,100.05882318494103
2019-01-20 19:00:00,99.61383145766503
2019-01-20 20:00:00,102.82891219696738
2019-01-20 21:00:00,99.61383145766503
2019-01-20 22:00:00,99.15018455229671
2019-01-20 23:00:00,100.4381541544002
2019-01-21 00:00:00,102.53278745153224
2019-01-21 01:00:00,101.1159248034289
2019-01-21 02:00:00,97.51188723297254
2019-01-21 03:00:00,101.8618900635563
2019-01-21 04:00:00,97.93227217320577
2019-01-21 05:00:00,99.1285020522199
2019-01-21 06:00:00,101.86985693428215
2019-01-21 07:00:00,127.29785363696512
2019-01-21 08:00:00,222.33235130573212
2019-01-21 09:00:00,232.01553157698274
2019-01-21 10:00:00,262.9325991340199
2019-01-21 11:00:00,274.8120318575947
2019-01-21 12:00:00,331.15405132556475
2019-01-21 13:00:00,303.1528099523547
2019-01-21 14:00:00,301.47954152781864
2019-01-21 15:00:00,300.654511075433
2019-01-21 16:00:00,288.20665387535394
2019-01-21 17:00:00,264.2646699335659
2019-01-21 18:00:00,229.84579246688926
2019-01-21 19:00:00,188.45662488905816
2019-01-21 20:00:00,140.09883540969562
2019-01-21 21:00:00,122.19511348073529
2019-01-21 22:00:00,114.85842820663089
2019-01-21 23:00:00,103.65323489370255
2019-01-22 00:00:00,104.54543306876128
2019-01-22 01:00:00,105.66579363335056
2019-01-22 02:00:00,101.94396462104034
2019-01-22 03:00:00,103.79889923896661
2019-01-22 04:00:00,99.26706026382509
2019-01-22 05:00:00,106.1739084279097
2019-01-22 06:00:00,102.27905874407055
2019-01-22 07:00:00,136.7009042737051
2019-01-22 08:00:00,228.5435591497882
2019-01-22 09:00:00,250.4666070009723
2019-01-22 10:00:00,262.23183537392947
2019-01-22 11:00:00,282.1778417776203
2019-01-22 12:00:00,321.4738070003798
2019-01-22 13:00:00,283.29759622228715
2019-01-22 14:00:00,321.4738070003798
2019-01-22 15:00:00,300.654511075433
2019-01-22 16:00:00,297.3835705933735
2019-01-22 17:00:00,262.6217233489668
2019-01-22 18:00:00,231.94131825565432
2019-01-22 19:00:00,188.45662488905816
2019-01-22 20:00:00,140.09883540969562
2019-01-22 21:00:00,122.19511348073529
2019-01-22 22:00:00,114.85842820663089
2019-01-22 23:00:00,106.74953689680807
2019-01-23 00:00:00,109.09650313692076
2019-01-23 01:00:00,109.09650313692076
2019-01-23 02:00:00,107.88559513585365
2019-01-23 03:00:00,107.88559513585365
2019-01-23 04:00:00,103.408196617069
2019-01-23 05:00:00,106.1739084279097
2019-01-23 06:00:00,106.42019509731446
2019-01-23 07:00:00,136.7009042737051
2019-01-23 08:00:00,229.23644637976244
2019-01-23 09:00:00,237.48744829673305
2019-01-23 10:00:00,262.23183537392947
2019-01-23 11:00:00,274.1814875540949
2019-01-23 12:00:00,334.00734996278146
2019-01-23 13:00:00,300.8489972243188
2019-01-23 14:00:00,300.8489972243188
2019-01-23 15:00:00,300.654511075433
2019-01-23 16:00:00,270.65525287332224
2019-01-23 17:00:00,242.6831243069453
2019-01-23 18:00:00,212.63444234124955
2019-01-23 19:00:00,186.54296763754212
2019-01-23 20:00:00,145.0204094649482
2019-01-23 21:00:00,122.96206554641506
2019-01-23 22:00:00,122.38959962962105
2019-01-23 23:00:00,110.9911150584289
2019-01-24 00:00:00,113.3380812985416
2019-01-24 01:00:00,109.09650313692076
2019-01-24 02:00:00,111.31630463942385
2019-01-24 03:00:00,111.31630463942385
2019-01-24 04:00:00,116.10448593541383
2019-01-24 05:00:00,108.02884304583597
2019-01-24 06:00:00,106.42019509731446
2019-01-24 07:00:00,136.7009042737051
2019-01-24 08:00:00,225.86919932779332
2019-01-24 09:00:00,232.01553157698274
2019-01-24 10:00:00,262.23183537392947
2019-01-24 11:00:00,269.55511708205825
2019-01-24 12:00:00,325.25830504107194
2019-01-24 13:00:00,283.24319146181597
2019-01-24 14:00:00,270.4131685792822
2019-01-24 15:00:00,300.654511075433
2019-01-24 16:00:00,270.65525287332224
2019-01-24 17:00:00,232.349985702369
2019-01-24 18:00:00,212.63444234124955
2019-01-24 19:00:00,180.46197355805484
2019-01-24 20:00:00,140.09883540969562
2019-01-24 21:00:00,122.19511348073529
2019-01-24 22:00:00,114.85842820663089
2019-01-24 23:00:00,106.74953689680807
2019-01-25 00:00:00,105.66579363335056
2019-01-25 01:00:00,105.66579363335056
2019-01-25 02:00:00,101.8618900635563
2019-01-25 03:00:00,101.8618900635563
2019-01-25 04:00:00,103.408196617069
2019-01-25 05:00:00,106.1739084279097
2019-01-25 06:00:00,106.42019509731446
2019-01-25 07:00:00,156.0472770155303
2019-01-25 08:00:00,222.55403670395006
2019-01-25 09:00:00,232.01553157698274
2019-01-25 10:00:00,256.99365591231555
2019-01-25 11:00:00,266.67594383305
2019-01-25 12:00:00,320.17113108150056
2019-01-25 13:00:00,288.38635170008786
2019-01-25 14:00:00,257.6963957927256
2019-01-25 15:00:00,288.87191289537424
2019-01-25 16:00:00,256.87428769711096
2019-01-25 17:00:00,231.92161680614333
2019-01-25 18:00:00,198.09856124106338
2019-01-25 19:00:00,162.9785548072265
2019-01-25 20:00:00,122.56737897879631
2019-01-25 21:00:00,120.88805358452294
2019-01-25 22:00:00,106.0652955884875
2019-01-25 23:00:00,100.16973877870042
2019-01-26 00:00:00,104.38772206945852
2019-01-26 01:00:00,102.45071289404821
2019-01-26 02:00:00,101.8618900635563
2019-01-26 03:00:00,101.9746984397021
2019-01-26 04:00:00,97.93227217320577
2019-01-26 05:00:00,99.5377038620083
2019-01-26 06:00:00,100.94427065345124
2019-01-26 07:00:00,118.78053318289287
2019-01-26 08:00:00,147.72708978007867
2019-01-26 09:00:00,123.55597907594967
2019-01-26 10:00:00,126.62541939496866
2019-01-26 11:00:00,128.48592418215884
2019-01-26 12:00:00,121.61129973285675
2019-01-26 13:00:00,121.71693761567079
2019-01-26 14:00:00,132.21519551527714
2019-01-26 15:00:00,118.55398136413473
2019-01-26 16:00:00,123.13728924806729
2019-01-26 17:00:00,120.63246668340973
2019-01-26 18:00:00,109.63913169322207
2019-01-26 19:00:00,110.16679236169374
2019-01-26 20:00:00,105.9252142000729
2019-01-26 21:00:00,105.9252142000729
2019-01-26 22:00:00,101.7453267819611
2019-01-26 23:00:00,99.78002110014612
2019-01-27 00:00:00,95.05477637571161
2019-01-27 01:00:00,102.563521270194
2019-01-27 02:00:00,100.52710197293699
2019-01-27 03:00:00,94.4659535452197
2019-01-27 04:00:00,91.8711237454885
2019-01-27 05:00:00,102.55291860197275
2019-01-27 06:00:00,94.88312222573397
2019-01-27 07:00:00,118.78053318289287
2019-01-27 08:00:00,120.28027502598592
2019-01-27 09:00:00,99.01841440853904
2019-01-27 10:00:00,107.9485680338994
2019-01-27 11:00:00,109.87217895501063
2019-01-27 12:00:00,104.27621160343756
2019-01-27 13:00:00,103.55112823335092
2019-01-27 14:00:00,104.27621160343756
2019-01-27 15:00:00,109.1939964209264
2019-01-27 16:00:00,106.66240676663489
2019-01-27 17:00:00,109.06701593912344
2019-01-27 18:00:00,103.27390392424338
2019-01-27 19:00:00,102.82891219696738
2019-01-27 20:00:00,99.69590601514906
2019-01-27 21:00:00,99.69590601514906
2019-01-27 22:00:00,99.89039216403482
2019-01-27 23:00:00,99.78002110014612
2019-01-28 00:00:00,101.1159248034289
2019-01-28 01:00:00,101.1159248034289
2019-01-28 02:00:00,94.4659535452197
2019-01-28 03:00:00,94.3537280034301
2019-01-28 04:00:00,94.91705743324133
2019-01-28 05:00:00,106.1739084279097
2019-01-28 06:00:00,96.40049367683567
2019-01-28 07:00:00,127.69384115233107
2019-01-28 08:00:00,222.55403670395006
2019-01-28 09:00:00,243.27546234738088
2019-01-28 10:00:00,262.23183537392947
2019-01-28 11:00:00,289.761372195009
2019-01-28 12:00:00,335.5100276448168
2019-01-28 13:00:00,283.29759622228715
2019-01-28 14:00:00,300.8489972243188
2019-01-28 15:00:00,300.654511075433
2019-01-28 16:00:00,283.92368405264483
2019-01-28 17:00:00,264.2646699335659
2019-01-28 18:00:00,212.63444234124955
2019-01-28 19:00:00,186.54296763754212
2019-01-28 20:00:00,140.2820253397707
2019-01-28 21:00:00,122.19511348073529
2019-01-28 22:00:00,114.85842820663089
2019-01-28 23:00:00,103.65323489370255
2019-01-29 00:00:00,104.38772206945852
2019-01-29 01:00:00,105.66579363335056
2019-01-29 02:00:00,103.79889923896661
2019-01-29 03:00:00,108.41271880612196
2019-01-29 04:00:00,109.87695080215063
2019-01-29 05:00:00,108.80067332808636
2019-01-29 06:00:00,112.8889492823961
2019-01-29 07:00:00,163.11846059430243
2019-01-29 08:00:00,223.00782575911737
2019-01-29 09:00:00,232.01553157698274
2019-01-29 10:00:00,262.23183537392947
2019-01-29 11:00:00,268.9245727785584
2019-01-29 12:00:00,324.6821654980433
2019-01-29 13:00:00,300.8489972243188
2019-01-29 14:00:00,283.29759622228715
2019-01-29 15:00:00,314.1143976161617
2019-01-29 16:00:00,271.941608633941
2019-01-29 17:00:00,264.2646699335659
2019-01-29 18:00:00,223.4001148616763
2019-01-29 19:00:00,186.54296763754212
2019-01-29 20:00:00,140.2820253397707
2019-01-29 21:00:00,122.19511348073529
2019-01-29 22:00:00,110.3612785105795
2019-01-29 23:00:00,106.74953689680807
2019-01-30 00:00:00,107.70566253934925
2019-01-30 01:00:00,105.66579363335056
2019-01-30 02:00:00,111.31630463942385
2019-01-30 03:00:00,103.79889923896661
2019-01-30 04:00:00,103.408196617069
2019-01-30 05:00:00,108.02884304583597
2019-01-30 06:00:00,112.80349331654631
2019-01-30 07:00:00,156.0472770155303
2019-01-30 08:00:00,223.92239838730956
2019-01-30 09:00:00,232.01553157698274
2019-01-30 10:00:00,262.23183537392947
2019-01-30 11:00:00,268.9245727785584
2019-01-30 12:00:00,330.798991465118
2019-01-30 13:00:00,300.8489972243188
2019-01-30 14:00:00,300.8489972243188
2019-01-30 15:00:00,314.1143976161617
2019-01-30 16:00:00,270.65525287332224
2019-01-30 17:00:00,264.2646699335659
2019-01-30 18:00:00,202.33021200695734
2019-01-30 19:00:00,188.45662488905816
2019-01-30 20:00:00,140.09883540969562
2019-01-30 21:00:00,122.19511348073529
2019-01-30 22:00:00,110.3612785105795
2019-01-30 23:00:00,102.3751633298105
2019-01-31 00:00:00,102.45071289404821
2019-01-31 01:00:00,102.45071289404821
2019-01-31 02:00:00,97.51188723297254
2019-01-31 03:00:00,100.52710197293699
2019-01-31 04:00:00,99.26706026382509
2019-01-31 05:00:00,99.5377038620083
2019-01-31 06:00:00,97.92905591348679
2019-01-31 07:00:00,156.0472770155303
2019-01-31 08:00:00,223.7007129890916
2019-01-31 09:00:00,232.01553157698274
2019-01-31 10:00:00,262.23183537392947
2019-01-31 11:00:00,268.9245727785584
2019-01-31 12:00:00,324.6821654980433
2019-01-31 13:00:00,283.29759622228715
2019-01-31 14:00:00,269.7124048191918
2019-01-31 15:00:00,290.0189304332872
2019-01-31 16:00:00,270.65525287332224
2019-01-31 17:00:00,262.6217233489668
2019-01-31 18:00:00,222.2746937158516
2019-01-31 19:00:00,188.45662488905816
2019-01-31 20:00:00,140.2820253397707
2019-01-31 21:00:00,122.19511348073529
2019-01-31 22:00:00,114.85842820663089
2019-01-31 23:00:00,106.74953689680807
2019-02-01 00:00:00,104.38772206945852
2019-02-01 01:00:00,89.6365781645036
2019-02-01 02:00:00,91.56930217361638
2019-02-01 03:00:00,89.0477553340117
2019-02-01 04:00:00,86.4529255342805
2019-02-01 05:00:00,91.07357196304747
2019-02-01 06:00:00,89.46492401452596
2019-02-01 07:00:00,114.76285387989961
2019-02-01 08:00:00,222.33235130573212
2019-02-01 09:00:00,198.528526708633
2019-02-01 10:00:00,219.79488584751851
2019-02-01 11:00:00,198.7813441343633
2019-02-01 12:00:00,217.67219762447075
2019-02-01 13:00:00,213.39877723136578
2019-02-01 14:00:00,214.02932153486563
2019-02-01 15:00:00,209.77258780597577
2019-02-01 16:00:00,225.22609467959288
2019-02-01 17:00:00,185.63932538076568
2019-02-01 18:00:00,168.2968972399139
2019-02-01 19:00:00,140.09883540969562
2019-02-01 20:00:00,122.19511348073529
2019-02-01 21:00:00,122.19511348073529
2019-02-01 22:00:00,106.11970034895866
2019-02-01 23:00:00,99.78002110014612
2019-02-02 00:00:00,101.1159248034289
2019-02-02 01:00:00,102.60842389335097
2019-02-02 02:00:00,101.8618900635563
2019-02-02 03:00:00,103.95661023826938
2019-02-02 04:00:00,99.42477126312785
2019-02-02 05:00:00,107.61964123604757
2019-02-02 06:00:00,101.14477356419552
2019-02-02 07:00:00,124.43247980082174
2019-02-02 08:00:00,169.68558676627964
2019-02-02 09:00:00,122.16513847837817
2019-02-02 10:00:00,123.55597907594967
2019-02-02 11:00:00,121.33617757344659
2019-02-02 12:00:00,118.93199486590603
2019-02-02 13:00:00,123.8777629606047
2019-02-02 14:00:00,123.8777629606047
2019-02-02 15:00:00,119.78730223460862
2019-02-02 16:00:00,121.79598263019477
2019-02-02 17:00:00,122.82581169834631
2019-02-02 18:00:00,127.11892626511731
2019-02-02 19:00:00,115.27111832135095
2019-02-02 20:00:00,122.80228974434111
2019-02-02 21:00:00,114.82280232121508
2019-02-02 22:00:00,103.08978093435721
2019-02-02 23:00:00,103.71961748220662
2019-02-03 00:00:00,104.54543306876128
2019-02-03 01:00:00,109.04759595854296
2019-02-03 02:00:00,110.21096436393921
2019-02-03 03:00:00,111.26739746104604
2019-02-03 04:00:00,109.29064534993245
2019-02-03 05:00:00,129.5213589192506
2019-02-03 06:00:00,111.17688653236073
2019-02-03 07:00:00,132.8674897270267
2019-02-03 08:00:00,163.7574455357971
2019-02-03 09:00:00,155.90971474340745
2019-02-03 10:00:00,195.64270270646898
2019-02-03 11:00:00,138.70884908379782
2019-02-03 12:00:00,145.3609270239104
2019-02-03 13:00:00,141.7882703908958
2019-02-03 14:00:00,128.5539288446861
2019-02-03 15:00:00,138.28558383274813
2019-02-03 16:00:00,130.2309624465134
2019-02-03 17:00:00,130.56790428469066
2019-02-03 18:00:00,127.11892626511731
2019-02-03 19:00:00,122.80228974434111
2019-02-03 20:00:00,110.77396862529956
2019-02-03 21:00:00,105.65507767626835
2019-02-03 22:00:00,101.36339337032929
2019-02-03 23:00:00,100.02548692410663
2019-02-04 00:00:00,102.70547939747333
2019-02-04 01:00:00,107.99116286143612
2019-02-04 02:00:00,108.17109545794052
2019-02-04 03:00:00,108.17109545794052
2019-02-04 04:00:00,109.29064534993245
2019-02-04 05:00:00,106.26952871857529
2019-02-04 06:00:00,125.21029998975104
2019-02-04 07:00:00,175.79958245516931
2019-02-04 08:00:00,211.0024828398231
2019-02-04 09:00:00,225.73428820536827
2019-02-04 10:00:00,256.5811363058148
2019-02-04 11:00:00,346.0178556731479
2019-02-04 12:00:00,326.4905176705955
2019-02-04 13:00:00,326.98597822607917
2019-02-04 14:00:00,318.1477865662108
2019-02-04 15:00:00,324.4876793491575
2019-02-04 16:00:00,329.3521111921966
2019-02-04 17:00:00,326.4454961466564
2019-02-04 18:00:00,266.55400569272524
2019-02-04 19:00:00,178.78720795307947
2019-02-04 20:00:00,153.4303410301694
2019-02-04 21:00:00,122.19511348073529
2019-02-04 22:00:00,122.38959962962105
2019-02-04 23:00:00,110.9911150584289
2019-02-05 00:00:00,109.09650313692076
2019-02-05 01:00:00,105.82350463265333
2019-02-05 02:00:00,102.22946494312721
2019-02-05 03:00:00,102.13240943900486
2019-02-05 04:00:00,109.29064534993245
2019-02-05 05:00:00,102.88400835512489
2019-02-05 06:00:00,102.9386536952026
2019-02-05 07:00:00,192.32979287123138
2019-02-05 08:00:00,211.0024828398231
2019-02-05 09:00:00,218.0312904904453
2019-02-05 10:00:00,256.5811363058148
2019-02-05 11:00:00,340.1456256583109
2019-02-05 12:00:00,326.4905176705955
2019-02-05 13:00:00,334.55725396576264
2019-02-05 14:00:00,337.8920620314823
2019-02-05 15:00:00,353.2632053137164
2019-02-05 16:00:00,336.9883421260695
2019-02-05 17:00:00,332.01416146522917
2019-02-05 18:00:00,278.799413742133
2019-02-05 19:00:00,197.66676319283806
2019-02-05 20:00:00,163.37324137484524
2019-02-05 21:00:00,130.02254990352608
2019-02-05 22:00:00,122.38959962962105
2019-02-05 23:00:00,103.65323489370255
2019-02-06 00:00:00,102.563521270194
2019-02-06 01:00:00,63.58537695026513
2019-02-06 02:00:00,64.18598309042721
2019-02-06 03:00:00,64.18598309042721
2019-02-06 04:00:00,63.08601161849061
2019-02-06 05:00:00,65.9155618756674
2019-02-06 06:00:00,62.42657137007264
2019-02-06 07:00:00,85.63454601584044
2019-02-06 08:00:00,71.28881529124965
2019-02-06 09:00:00,61.61553886256705
2019-02-06 10:00:00,59.70666693432336
2019-02-06 11:00:00,71.04606959027056
2019-02-06 12:00:00,65.58581601584058
2019-02-06 13:00:00,69.91012451013442
2019-02-06 14:00:00,66.41232665674329
2019-02-06 15:00:00,62.41819943203991
2019-02-06 16:00:00,60.50653151887791
2019-02-06 17:00:00,68.51092469534287
2019-02-06 18:00:00,64.19911916851673
2019-02-06 19:00:00,64.14881400885946
2019-02-06 20:00:00,62.73026043638991
2019-02-06 21:00:00,105.9252142000729
2019-02-06 22:00:00,105.06326725185183
2019-02-06 23:00:00,106.74953689680807
2019-02-07 00:00:00,105.66579363335056
2019-02-07 01:00:00,109.09650313692076
2019-02-07 02:00:00,107.88559513585365
2019-02-07 03:00:00,107.88559513585365
2019-02-07 04:00:00,103.408196617069
2019-02-07 05:00:00,114.41214126506782
2019-02-07 06:00:00,106.42019509731446
2019-02-07 07:00:00,176.8395138553247
2019-02-07 08:00:00,286.90308511296234
2019-02-07 09:00:00,317.30232546364255
2019-02-07 10:00:00,335.54518334300013
2019-02-07 11:00:00,352.6894285164326
2019-02-07 12:00:00,349.6979323781186
2019-02-07 13:00:00,353.99434877531775
2019-02-07 14:00:00,358.42393462739176
2019-02-07 15:00:00,356.21422140357305
2019-02-07 16:00:00,332.9104925807306
2019-02-07 17:00:00,321.15906385508816
2019-02-07 18:00:00,290.41438860822643
2019-02-07 19:00:00,187.83563883751316
2019-02-07 20:00:00,145.0204094649482
2019-02-07 21:00:00,122.19511348073529
2019-02-07 22:00:00,103.75908746421543
2019-02-07 23:00:00,103.65323489370255
2019-02-08 00:00:00,104.38772206945852
2019-02-08 01:00:00,104.38772206945852
2019-02-08 02:00:00,103.79889923896661
2019-02-08 03:00:00,101.8618900635563
2019-02-08 04:00:00,95.28064075661786
2019-02-08 05:00:00,106.1739084279097
2019-02-08 06:00:00,106.42019509731446
2019-02-08 07:00:00,130.31760605447326
2019-02-08 08:00:00,313.80132740536965
2019-02-08 09:00:00,268.3357499480665
2019-02-08 10:00:00,289.1725493645171
2019-02-08 11:00:00,311.12423836948903
2019-02-08 12:00:00,319.271189674792
2019-02-08 13:00:00,326.43611291012434
2019-02-08 14:00:00,338.53655746196284
2019-02-08 15:00:00,346.5364300072901
2019-02-08 16:00:00,325.1946626370959
2019-02-08 17:00:00,306.9227041530763
2019-02-08 18:00:00,243.74332194935712
2019-02-08 19:00:00,176.16895501664243
2019-02-08 20:00:00,122.19511348073529
2019-02-08 21:00:00,99.69590601514906
2019-02-08 22:00:00,88.96100385114076
2019-02-08 23:00:00,89.59084039899017
2019-02-09 00:00:00,89.6365781645036
2019-02-09 01:00:00,94.94255083392201
2019-02-09 02:00:00,94.3537280034301
2019-02-09 03:00:00,92.46669960743777
2019-02-09 04:00:00,91.7588982036989
2019-02-09 05:00:00,96.37954463246588
2019-02-09 06:00:00,92.88386828795204
2019-02-09 07:00:00,126.17646970122945
2019-02-09 08:00:00,294.6856212472909
2019-02-09 09:00:00,307.97714099890436
2019-02-09 10:00:00,337.3376806857983
2019-02-09 11:00:00,352.79892472027905
2019-02-09 12:00:00,385.5608107994789
2019-02-09 13:00:00,402.79600037233536
2019-02-09 14:00:00,390.65958838343664
2019-02-09 15:00:00,404.11449891693456
2019-02-09 16:00:00,390.7295475370181
2019-02-09 17:00:00,316.37707139211557
2019-02-09 18:00:00,291.841513703531
2019-02-09 19:00:00,171.85606036256402
2019-02-09 20:00:00,141.43291598910793
2019-02-09 21:00:00,122.19511348073529
2019-02-09 22:00:00,101.7453267819611
2019-02-09 23:00:00,103.65323489370255
2019-02-10 00:00:00,104.38772206945852
2019-02-10 01:00:00,105.66579363335056
2019-02-10 02:00:00,103.79889923896661
2019-02-10 03:00:00,107.88559513585365
2019-02-10 04:00:00,99.26706026382509
2019-02-10 05:00:00,108.02884304583597
2019-02-10 06:00:00,127.1713142744013
2019-02-10 07:00:00,194.42351469895678
2019-02-10 08:00:00,295.37850847726514
2019-02-10 09:00:00,307.97714099890436
2019-02-10 10:00:00,329.018360775403
2019-02-10 11:00:00,352.67896945436024
2019-02-10 12:00:00,354.5492257433688
2019-02-10 13:00:00,349.75987806060994
2019-02-10 14:00:00,393.0962338998986
2019-02-10 15:00:00,371.7589147310117
2019-02-10 16:00:00,318.17093416723066
2019-02-10 17:00:00,306.9868198583562
2019-02-10 18:00:00,267.29905969153197
2019-02-10 19:00:00,181.20790045983586
2019-02-10 20:00:00,186.54296763754212
2019-02-10 21:00:00,122.19511348073529
2019-02-10 22:00:00,110.3612785105795
2019-02-10 23:00:00,106.74953689680807
2019-02-11 00:00:00,109.09650313692076
2019-02-11 01:00:00,102.53278745153224
2019-02-11 02:00:00,100.52710197293699
2019-02-11 03:00:00,101.8618900635563
2019-02-11 04:00:00,103.56590761637176
2019-02-11 05:00:00,105.00909062832778
2019-02-11 06:00:00,106.01099328752606
2019-02-11 07:00:00,159.35967994347504
2019-02-11 08:00:00,153.12881701550515
2019-02-11 09:00:00,159.2875811503407
2019-02-11 10:00:00,195.64270270646898
2019-02-11 11:00:00,153.9894905473672
2019-02-11 12:00:00,145.3609270239104
2019-02-11 13:00:00,141.73386563042465
2019-02-11 14:00:00,142.94311279432216
2019-02-11 15:00:00,127.3569465158093
2019-02-11 16:00:00,121.74540631248648
2019-02-11 17:00:00,118.77211458303542
2019-02-11 18:00:00,127.11892626511731
2019-02-11 19:00:00,110.16679236169374
2019-02-11 20:00:00,110.16679236169374
2019-02-11 21:00:00,102.82891219696738
2019-02-11 22:00:00,101.7453267819611
2019-02-11 23:00:00,103.65323489370255
2019-02-12 00:00:00,104.38772206945852
2019-02-12 01:00:00,95.05477637571161
2019-02-12 02:00:00,97.51188723297254
2019-02-12 03:00:00,101.13680669346967
2019-02-12 04:00:00,95.07476843254409
2019-02-12 05:00:00,99.1285020522199
2019-02-12 06:00:00,101.86985693428215
2019-02-12 07:00:00,227.39695408729543
2019-02-12 08:00:00,240.1653751781246
2019-02-12 09:00:00,256.2928921522254
2019-02-12 10:00:00,342.8114517482737
2019-02-12 11:00:00,320.6636966439181
2019-02-12 12:00:00,326.4905176705955
2019-02-12 13:00:00,326.8405937613492
2019-02-12 14:00:00,332.99013891812393
2019-02-12 15:00:00,331.9650833871327
2019-02-12 16:00:00,308.635689878299
2019-02-12 17:00:00,276.9687801412422
2019-02-12 18:00:00,222.7666841328664
2019-02-12 19:00:00,186.21444772986263
2019-02-12 20:00:00,138.97496544355838
2019-02-12 21:00:00,121.80042691311654
2019-02-12 22:00:00,110.3612785105795
2019-02-12 23:00:00,106.74953689680807
2019-02-13 00:00:00,107.70566253934925
2019-02-13 01:00:00,106.40148275171285
2019-02-13 02:00:00,107.88559513585365
2019-02-13 03:00:00,107.88559513585365
2019-02-13 04:00:00,116.10448593541383
2019-02-13 05:00:00,108.02884304583597
2019-02-13 06:00:00,112.80349331654631
2019-02-13 07:00:00,159.35967994347504
2019-02-13 08:00:00,222.46635746097647
2019-02-13 09:00:00,250.4666070009723
2019-02-13 10:00:00,263.9568862026488
2019-02-13 11:00:00,264.50545178993264
2019-02-13 12:00:00,326.8405937613492
2019-02-13 13:00:00,287.8908911446042
2019-02-13 14:00:00,291.6055696423678
2019-02-13 15:00:00,290.9048541428205
2019-02-13 16:00:00,270.4594791002063
2019-02-13 17:00:00,222.17432162640455
2019-02-13 18:00:00,202.82220242397213
2019-02-13 19:00:00,163.86523179186003
2019-02-13 20:00:00,129.6940299958466
2019-02-13 21:00:00,121.8665935730558
2019-02-13 22:00:00,110.30687375010834
2019-02-13 23:00:00,106.74953689680807
2019-02-14 00:00:00,105.66579363335056
2019-02-14 01:00:00,105.66579363335056
2019-02-14 02:00:00,103.79889923896661
2019-02-14 03:00:00,103.79889923896661
2019-02-14 04:00:00,109.9492058356036
2019-02-14 05:00:00,107.61964123604757
2019-02-14 06:00:00,112.80349331654631
2019-02-14 07:00:00,145.41503443707637
2019-02-14 08:00:00,227.86808469640295
2019-02-14 09:00:00,256.2928921522254
2019-02-14 10:00:00,262.8623796774293
2019-02-14 11:00:00,269.5148598388502
2019-02-14 12:00:00,334.55725396576264
2019-02-14 13:00:00,279.53331223446145
2019-02-14 14:00:00,291.11010908688417
2019-02-14 15:00:00,301.77930429397156
2019-02-14 16:00:00,270.4594791002063
2019-02-14 17:00:00,222.17432162640455
2019-02-14 18:00:00,197.99709255710667
2019-02-14 19:00:00,163.04472146716574
2019-02-14 20:00:00,129.62786333590734
2019-02-14 21:00:00,122.19511348073529
2019-02-14 22:00:00,110.3612785105795
2019-02-14 23:00:00,102.3751633298105
2019-02-15 00:00:00,104.38772206945852
2019-02-15 01:00:00,106.40148275171285
2019-02-15 02:00:00,107.88559513585365
2019-02-15 03:00:00,107.88559513585365
2019-02-15 04:00:00,109.79149483630084
2019-02-15 05:00:00,107.61964123604757
2019-02-15 06:00:00,112.39429150675791
2019-02-15 07:00:00,164.01779786864842
2019-02-15 08:00:00,216.93062407030564
2019-02-15 09:00:00,237.48744829673305
2019-02-15 10:00:00,262.23183537392947
2019-02-15 11:00:00,263.9151647296408
2019-02-15 12:00:00,325.3127098015431
2019-02-15 13:00:00,271.2566215619752
2019-02-15 14:00:00,285.32697606166414
2019-02-15 15:00:00,286.1113673645484
2019-02-15 16:00:00,258.25493911721605
2019-02-15 17:00:00,233.53486334935803
2019-02-15 18:00:00,198.91907156575766
2019-02-15 19:00:00,163.04472146716574
2019-02-15 20:00:00,121.65500565020271
2019-02-15 21:00:00,121.80042691311654
2019-02-15 22:00:00,106.0652955884875
2019-02-15 23:00:00,100.16973877870042
2019-02-16 00:00:00,102.45071289404821
2019-02-16 01:00:00,104.38772206945852
2019-02-16 02:00:00,101.8618900635563
2019-02-16 03:00:00,101.8618900635563
2019-02-16 04:00:00,103.408196617069
2019-02-16 05:00:00,102.55291860197275
2019-02-16 06:00:00,100.94427065345124
2019-02-16 07:00:00,126.17646970122945
2019-02-16 08:00:00,175.08731400170612
2019-02-16 09:00:00,162.35702146935964
2019-02-16 10:00:00,197.96458324401814
2019-02-16 11:00:00,151.9431906300075
2019-02-16 12:00:00,146.12594675466713
2019-02-16 13:00:00,144.57321314066053
2019-02-16 14:00:00,149.95192926970824
2019-02-16 15:00:00,137.35578744104717
2019-02-16 16:00:00,131.57226906438586
2019-02-16 17:00:00,130.25679715360016
2019-02-16 18:00:00,127.11892626511731
2019-02-16 19:00:00,122.19511348073529
2019-02-16 20:00:00,122.19511348073529
2019-02-16 21:00:00,122.19511348073529
2019-02-16 22:00:00,101.7453267819611
2019-02-16 23:00:00,100.4381541544002
2019-02-17 00:00:00,104.38772206945852
2019-02-17 01:00:00,102.45071289404821
2019-02-17 02:00:00,101.13680669346967
2019-02-17 03:00:00,101.8618900635563
2019-02-17 04:00:00,97.93227217320577
2019-02-17 05:00:00,102.55291860197275
2019-02-17 06:00:00,97.51985410369839
2019-02-17 07:00:00,128.18033354503964
2019-02-17 08:00:00,110.04043005033509
2019-02-17 09:00:00,102.65248464333396
2019-02-17 10:00:00,121.96408149754525
2019-02-17 11:00:00,116.74528023877507
2019-02-17 12:00:00,109.66755607719428
2019-02-17 13:00:00,115.55454325030668
2019-02-17 14:00:00,115.65803981659786
2019-02-17 15:00:00,106.86230067789734
2019-02-17 16:00:00,111.04367296543357
2019-02-17 17:00:00,115.4187435911848
2019-02-17 18:00:00,108.22198487891526
2019-02-17 19:00:00,103.56460131532967
2019-02-17 20:00:00,105.9252142000729
2019-02-17 21:00:00,99.72663983381082
2019-02-17 22:00:00,99.89039216403482
2019-02-17 23:00:00,103.65323489370255
2019-02-18 00:00:00,102.563521270194
2019-02-18 01:00:00,102.45071289404821
2019-02-18 02:00:00,100.52710197293699
2019-02-18 03:00:00,101.8618900635563
2019-02-18 04:00:00,98.08998317250854
2019-02-18 05:00:00,102.14371679218435
2019-02-18 06:00:00,100.53506884366284
2019-02-18 07:00:00,140.3477147021146
2019-02-18 08:00:00,222.33235130573212
2019-02-18 09:00:00,232.01553157698274
2019-02-18 10:00:00,262.23183537392947
2019-02-18 11:00:00,282.1778417776203
2019-02-18 12:00:00,323.9607894168341
2019-02-18 13:00:00,314.3088837650475
2019-02-18 14:00:00,321.4738070003798
2019-02-18 15:00:00,321.279320851494
2019-02-18 16:00:00,304.54849382870583
2019-02-18 17:00:00,264.2646699335659
2019-02-18 18:00:00,229.84579246688926
2019-02-18 19:00:00,186.54296763754212
2019-02-18 20:00:00,142.99165036574198
2019-02-18 21:00:00,122.19511348073529
2019-02-18 22:00:00,122.38959962962105
2019-02-18 23:00:00,123.01943617747045
2019-02-19 00:00:00,117.83523099459299
2019-02-19 01:00:00,113.3380812985416
2019-02-19 02:00:00,111.31630463942385
2019-02-19 03:00:00,111.31630463942385
2019-02-19 04:00:00,116.10448593541383
2019-02-19 05:00:00,131.615080746976
2019-02-19 06:00:00,116.28136589160594
2019-02-19 07:00:00,164.76140717890152
2019-02-19 08:00:00,245.56710241355108
2019-02-19 09:00:00,256.2928921522254
2019-02-19 10:00:00,264.7431396003434
2019-02-19 11:00:00,291.56972436756126
2019-02-19 12:00:00,326.4905176705955
2019-02-19 13:00:00,303.00742548762474
2019-02-19 14:00:00,271.0677116102404
2019-02-19 15:00:00,304.2933126700799
2019-02-19 16:00:00,258.25493911721605
2019-02-19 17:00:00,239.39859850426055
2019-02-19 18:00:00,212.63444234124955
2019-02-19 19:00:00,186.54296763754212
2019-02-19 20:00:00,140.09883540969562
2019-02-19 21:00:00,122.19511348073529
2019-02-19 22:00:00,114.85842820663089
2019-02-19 23:00:00,111.05749764693297
2019-02-20 00:00:00,113.16138479737968
2019-02-20 01:00:00,104.54543306876128
2019-02-20 02:00:00,108.90678457630281
2019-02-20 03:00:00,108.17109545794052
2019-02-20 04:00:00,115.60363644904544
2019-02-20 05:00:00,112.65282693780713
2019-02-20 06:00:00,104.79358831312888
2019-02-20 07:00:00,158.23920730557742
2019-02-20 08:00:00,216.53821623049393
2019-02-20 09:00:00,252.9150257452921
2019-02-20 10:00:00,262.9325991340199
2019-02-20 11:00:00,283.26358939339576
2019-02-20 12:00:00,339.71436533101524
2019-02-20 13:00:00,329.27546042036033
2019-02-20 14:00:00,290.78458227903434
2019-02-20 15:00:00,304.2933126700799
2019-02-20 16:00:00,271.01962019561705
2019-02-20 17:00:00,249.93601498278815
2019-02-20 18:00:00,212.2397557736308
2019-02-20 19:00:00,186.54296763754212
2019-02-20 20:00:00,145.0204094649482
2019-02-20 21:00:00,128.843641166559
2019-02-20 22:00:00,114.85842820663089
2019-02-20 23:00:00,106.74953689680807
2019-02-21 00:00:00,113.3380812985416
2019-02-21 01:00:00,109.09650313692076
2019-02-21 02:00:00,111.31630463942385
2019-02-21 03:00:00,111.13960813826193
2019-02-21 04:00:00,126.81773781704722
2019-02-21 05:00:00,120.31593055439245
2019-02-21 06:00:00,126.42770496414822
2019-02-21 07:00:00,166.6572828006187
2019-02-21 08:00:00,227.86808469640295
2019-02-21 09:00:00,256.2928921522254
2019-02-21 10:00:00,264.02710565923934
2019-02-21 11:00:00,290.35165925530083
2019-02-21 12:00:00,345.37979807201174
2019-02-21 13:00:00,322.110537185028
2019-02-21 14:00:00,325.8252156827916
2019-02-21 15:00:00,306.89148253438674
2019-02-21 16:00:00,287.77828497912844
2019-02-21 17:00:00,242.3546043992658
2019-02-21 18:00:00,219.6830551431411
2019-02-21 19:00:00,186.14828106992337
2019-02-21 20:00:00,141.43291598910793
2019-02-21 21:00:00,122.19511348073529
2019-02-21 22:00:00,110.3612785105795
2019-02-21 23:00:00,115.4882647544803
2019-02-22 00:00:00,113.3380812985416
2019-02-22 01:00:00,113.3380812985416
2019-02-22 02:00:00,111.31630463942385
2019-02-22 03:00:00,111.31630463942385
2019-02-22 04:00:00,109.79149483630084
2019-02-22 05:00:00,108.02884304583597
2019-02-22 06:00:00,112.80349331654631
2019-02-22 07:00:00,164.76140717890152
2019-02-22 08:00:00,227.86808469640295
2019-02-22 09:00:00,262.23183537392947
2019-02-22 10:00:00,264.7431396003434
2019-02-22 11:00:00,274.7173698539155
2019-02-22 12:00:00,351.54297702990823
2019-02-22 13:00:00,308.6615100889158
2019-02-22 14:00:00,303.6195513050912
2019-02-22 15:00:00,306.9225244656133
2019-02-22 16:00:00,270.95868966841374
2019-02-22 17:00:00,232.65342249746035
2019-02-22 18:00:00,201.44155100386698
2019-02-22 19:00:00,187.33536876285825
2019-02-22 20:00:00,143.48364078275677
2019-02-22 21:00:00,122.68710389775009
2019-02-22 22:00:00,114.80402344615973
2019-02-22 23:00:00,110.72269968272913
2019-02-23 00:00:00,109.09650313692076
2019-02-23 01:00:00,109.09650313692076
2019-02-23 02:00:00,111.31630463942385
2019-02-23 03:00:00,103.79889923896661
2019-02-23 04:00:00,103.408196617069
2019-02-23 05:00:00,114.41214126506782
2019-02-23 06:00:00,106.42019509731446
2019-02-23 07:00:00,152.71263729422003
2019-02-23 08:00:00,190.8595005812382
2019-02-23 09:00:00,190.76043187483464
2019-02-23 10:00:00,193.82987219385356
2019-02-23 11:00:00,153.28717203222223
2019-02-23 12:00:00,153.1347632300532
2019-02-23 13:00:00,152.91905855001042
2019-02-23 14:00:00,154.10772250515072
2019-02-23 15:00:00,151.32046717177562
2019-02-23 16:00:00,132.36408184797438
2019-02-23 17:00:00,131.9655421404949
2019-02-23 18:00:00,127.09187119963018
2019-02-23 19:00:00,122.859325949812
2019-02-23 20:00:00,115.32815452682185
2019-02-23 21:00:00,106.58942666914962
2019-02-23 22:00:00,104.02789262207745
2019-02-23 23:00:00,101.34144619154168
2019-02-24 00:00:00,103.77613465590812
2019-02-24 01:00:00,104.7393061487074
2019-02-24 02:00:00,100.92350503120714
2019-02-24 03:00:00,101.17819614517744
2019-02-24 04:00:00,99.26706026382509
2019-02-24 05:00:00,102.55291860197275
2019-02-24 06:00:00,94.88312222573397
2019-02-24 07:00:00,139.2104680465258
2019-02-24 08:00:00,107.9539765116978
2019-02-24 09:00:00,106.59273072614424
2019-02-24 10:00:00,118.56416801281712
2019-02-24 11:00:00,128.27489754934345
2019-02-24 12:00:00,116.53946199868555
2019-02-24 13:00:00,125.91061520268357
2019-02-24 14:00:00,129.22145602384415
2019-02-24 15:00:00,129.37016958015096
2019-02-24 16:00:00,110.65046078602211
2019-02-24 17:00:00,113.2329463193053
2019-02-24 18:00:00,100.8456483682551
2019-02-24 19:00:00,103.53366282279741
2019-02-24 20:00:00,106.62996482590293
2019-02-24 21:00:00,101.75638069069792
2019-02-24 22:00:00,100.14347672123309
2019-02-24 23:00:00,102.99342493874428
2019-02-25 00:00:00,101.69446172297641
2019-02-25 01:00:00,102.45071289404821
2019-02-25 02:00:00,103.79889923896661
2019-02-25 03:00:00,94.3537280034301
2019-02-25 04:00:00,97.93227217320577
2019-02-25 05:00:00,103.88770669259206
2019-02-25 06:00:00,94.77089668394437
2019-02-25 07:00:00,144.6863924903891
2019-02-25 08:00:00,227.86808469640295
2019-02-25 09:00:00,243.97622610747126
2019-02-25 10:00:00,267.48676195388856
2019-02-25 11:00:00,276.53069965660444
2019-02-25 12:00:00,358.0284823207455
2019-02-25 13:00:00,308.6615100889158
2019-02-25 14:00:00,327.4165152905599
2019-02-25 15:00:00,315.8218718332311
2019-02-25 16:00:00,274.6896341373035
2019-02-25 17:00:00,249.93747936035896
2019-02-25 18:00:00,221.88524328096872
2019-02-25 19:00:00,186.15351720265923
2019-02-25 20:00:00,140.54425498601756
2019-02-25 21:00:00,122.93501048092807
2019-02-25 22:00:00,111.3657727868038
2019-02-25 23:00:00,111.60937666736268
2019-02-26 00:00:00,108.49900088372988
2019-02-26 01:00:00,109.09650313692076
2019-02-26 02:00:00,108.62128425421594
2019-02-26 03:00:00,109.92546404185234
2019-02-26 04:00:00,126.99443431820912
2019-02-26 05:00:00,114.41214126506782
2019-02-26 06:00:00,112.80349331654631
2019-02-26 07:00:00,189.48399982387045
2019-02-26 08:00:00,227.86808469640295
2019-02-26 09:00:00,256.2928921522254
2019-02-26 10:00:00,273.5906765280256
2019-02-26 11:00:00,282.7681288379121
2019-02-26 12:00:00,358.0284823207455
2019-02-26 13:00:00,308.6615100889158
2019-02-26 14:00:00,330.76677937050556
2019-02-26 15:00:00,323.5907695040055
2019-02-26 16:00:00,276.5280152517416
2019-02-26 17:00:00,263.37600893047573
2019-02-26 18:00:00,222.27885873547638
2019-02-26 19:00:00,185.4217115113422
2019-02-26 20:00:00,142.24818681805942
2019-02-26 21:00:00,120.88805358452294
2019-02-26 22:00:00,122.33519486914989
2019-02-26 23:00:00,110.77710444320029
2019-02-27 00:00:00,110.93362050431503
2019-02-27 01:00:00,109.09650313692076
2019-02-27 02:00:00,131.27572013428278
2019-02-27 03:00:00,111.31630463942385
2019-02-27 04:00:00,126.99443431820912
2019-02-27 05:00:00,131.615080746976
2019-02-27 06:00:00,127.1713142744013
2019-02-27 07:00:00,172.05901003604518
2019-02-27 08:00:00,247.48825944088227
2019-02-27 09:00:00,256.2928921522254
2019-02-27 10:00:00,265.93468340998385
2019-02-27 11:00:00,284.71596383186466
2019-02-27 12:00:00,347.2624613786411
2019-02-27 13:00:00,332.4946783626403
2019-02-27 14:00:00,304.1975363226134
2019-02-27 15:00:00,317.12265490730874
2019-02-27 16:00:00,271.8401305203114
2019-02-27 17:00:00,263.9361500258865
2019-02-27 18:00:00,212.2397557736308
2019-02-27 19:00:00,184.84455447780084
2019-02-27 20:00:00,145.0204094649482
2019-02-27 21:00:00,130.02254990352608
2019-02-27 22:00:00,122.38959962962105
2019-02-27 23:00:00,123.01943617747045
2019-02-28 00:00:00,114.86166199598063
2019-02-28 01:00:00,109.09650313692076
2019-02-28 02:00:00,107.88559513585365
2019-02-28 03:00:00,111.31630463942385
2019-02-28 04:00:00,126.99443431820912
2019-02-28 05:00:00,114.41214126506782
2019-02-28 06:00:00,127.1713142744013
2019-02-28 07:00:00,168.69176298407606
2019-02-28 08:00:00,245.56710241355108
2019-02-28 09:00:00,262.23183537392947
2019-02-28 10:00:00,268.581268479108
2019-02-28 11:00:00,293.30352844244555
2019-02-28 12:00:00,352.2802470028521
2019-02-28 13:00:00,322.110537185028
2019-02-28 14:00:00,311.39867896221074
2019-02-28 15:00:00,324.28757814264105
2019-02-28 16:00:00,281.2398703896792
2019-02-28 17:00:00,263.5717827035917
2019-02-28 18:00:00,222.2746937158516
2019-02-28 19:00:00,186.54296763754212
2019-02-28 20:00:00,145.0204094649482
2019-02-28 21:00:00,122.19511348073529
2019-02-28 22:00:00,114.85842820663089
2019-02-28 23:00:00,110.9911150584289
2019-03-01 00:00:00,113.3380812985416
2019-03-01 01:00:00,104.38772206945852
2019-03-01 02:00:00,94.4659535452197
2019-03-01 03:00:00,94.3537280034301
2019-03-01 04:00:00,91.8711237454885
2019-03-01 05:00:00,96.37954463246588
2019-03-01 06:00:00,94.77089668394437
2019-03-01 07:00:00,152.71263729422003
2019-03-01 08:00:00,222.33235130573212
2019-03-01 09:00:00,232.01553157698274
2019-03-01 10:00:00,262.8221224342213
2019-03-01 11:00:00,293.4091663252596
2019-03-01 12:00:00,289.79365073286607
2019-03-01 13:00:00,276.3068525715284
2019-03-01 14:00:00,252.11253064802497
2019-03-01 15:00:00,251.88131307217873
2019-03-01 16:00:00,239.43345587209956
2019-03-01 17:00:00,239.7932850718793
2019-03-01 18:00:00,200.07002773334196
2019-03-01 19:00:00,150.58026279301473
2019-03-01 20:00:00,140.2820253397707
2019-03-01 21:00:00,122.19511348073529
2019-03-01 22:00:00,106.11970034895866
2019-03-01 23:00:00,99.78002110014612
2019-03-02 00:00:00,104.38772206945852
2019-03-02 01:00:00,104.38772206945852
2019-03-02 02:00:00,101.8618900635563
2019-03-02 03:00:00,101.8618900635563
2019-03-02 04:00:00,99.26706026382509
2019-03-02 05:00:00,103.16262332250542
2019-03-02 06:00:00,100.94427065345124
2019-03-02 07:00:00,133.24765328000143
2019-03-02 08:00:00,117.2650602860215
2019-03-02 09:00:00,103.5232904071253
2019-03-02 10:00:00,117.41992189501725
2019-03-02 11:00:00,123.39054754615707
2019-03-02 12:00:00,119.89641395165738
2019-03-02 13:00:00,119.67054114977819
2019-03-02 14:00:00,119.67054114977819
2019-03-02 15:00:00,129.31016248787952
2019-03-02 16:00:00,103.8444467514075
2019-03-02 17:00:00,109.36368641634226
2019-03-02 18:00:00,111.9880340876146
2019-03-02 19:00:00,102.82891219696738
2019-03-02 20:00:00,110.16679236169374
2019-03-02 21:00:00,102.82891219696738
2019-03-02 22:00:00,103.02339834585314
2019-03-02 23:00:00,102.3751633298105
2019-03-03 00:00:00,104.38772206945852
2019-03-03 01:00:00,102.45071289404821
2019-03-03 02:00:00,101.8618900635563
2019-03-03 03:00:00,100.52710197293699
2019-03-03 04:00:00,99.26706026382509
2019-03-03 05:00:00,103.88770669259206
2019-03-03 06:00:00,102.27905874407055
2019-03-03 07:00:00,139.2104680465258
2019-03-03 08:00:00,121.61506311660523
2019-03-03 09:00:00,109.28335612451872
2019-03-03 10:00:00,119.60055300238017
2019-03-03 11:00:00,121.24096010662406
2019-03-03 12:00:00,111.55056854230745
2019-03-03 13:00:00,110.01763216794795
2019-03-03 14:00:00,113.36594822065511
2019-03-03 15:00:00,113.09976528164276
2019-03-03 16:00:00,111.38778321534403
2019-03-03 17:00:00,108.1788087693532
2019-03-03 18:00:00,103.51320381145302
2019-03-03 19:00:00,101.55084063307534
2019-03-03 20:00:00,99.61383145766503
2019-03-03 21:00:00,99.69590601514906
2019-03-03 22:00:00,99.15018455229671
2019-03-03 23:00:00,99.5660104849175
2019-03-04 00:00:00,102.53278745153224
2019-03-04 01:00:00,107.70566253934925
2019-03-04 02:00:00,107.88559513585365
2019-03-04 03:00:00,107.88559513585365
2019-03-04 04:00:00,116.10448593541383
2019-03-04 05:00:00,108.02884304583597
2019-03-04 06:00:00,112.80349331654631
2019-03-04 07:00:00,192.85124687583956
2019-03-04 08:00:00,222.55403670395006
2019-03-04 09:00:00,256.923436455725
2019-03-04 10:00:00,266.27940759339634
2019-03-04 11:00:00,335.47828837486446
2019-03-04 12:00:00,327.6453600740219
2019-03-04 13:00:00,322.80242307966637
2019-03-04 14:00:00,328.66124889983774
2019-03-04 15:00:00,326.10655792479633
2019-03-04 16:00:00,308.7808873337067
2019-03-04 17:00:00,297.0703370913565
2019-03-04 18:00:00,245.22498260464224
2019-03-04 19:00:00,174.56015187906806
2019-03-04 20:00:00,186.54296763754212
2019-03-04 21:00:00,140.09883540969562
2019-03-04 22:00:00,122.38959962962105
2019-03-04 23:00:00,106.74953689680807
2019-03-05 00:00:00,109.09650313692076
2019-03-05 01:00:00,104.38772206945852
2019-03-05 02:00:00,101.8618900635563
2019-03-05 03:00:00,101.8618900635563
2019-03-05 04:00:00,99.26706026382509
2019-03-05 05:00:00,103.88770669259206
2019-03-05 06:00:00,106.42019509731446
2019-03-05 07:00:00,157.564648466632
2019-03-05 08:00:00,222.55403670395006
2019-03-05 09:00:00,232.01553157698274
2019-03-05 10:00:00,262.1774306134583
2019-03-05 11:00:00,342.26705126616883
2019-03-05 12:00:00,351.74534809693023
2019-03-05 13:00:00,335.7694528830983
2019-03-05 14:00:00,338.43251938870264
2019-03-05 15:00:00,352.7200427858222
2019-03-05 16:00:00,326.8554182686477
2019-03-05 17:00:00,325.06155549353264
2019-03-05 18:00:00,293.62399301669666
2019-03-05 19:00:00,196.35970329662572
2019-03-05 20:00:00,152.68687748248684
2019-03-05 21:00:00,120.88805358452294
2019-03-05 22:00:00,121.42282154055628
2019-03-05 23:00:00,103.65323489370255
2019-03-06 00:00:00,105.66579363335056
2019-03-06 01:00:00,106.40148275171285
2019-03-06 02:00:00,103.79889923896661
2019-03-06 03:00:00,107.88559513585365
2019-03-06 04:00:00,100.79764600934921
2019-03-06 05:00:00,114.41214126506782
2019-03-06 06:00:00,102.27905874407055
2019-03-06 07:00:00,178.3568853064264
2019-03-06 08:00:00,271.7000011119436
2019-03-06 09:00:00,300.81221776357205
2019-03-06 10:00:00,330.2300622791917
2019-03-06 11:00:00,395.6285490785611
2019-03-06 12:00:00,395.6285490785611
2019-03-06 13:00:00,379.44603694313327
2019-03-06 14:00:00,392.48802771049344
2019-03-06 15:00:00,388.38441930385375
2019-03-06 16:00:00,388.38441930385375
2019-03-06 17:00:00,363.74288597313307
2019-03-06 18:00:00,291.4069439327479
2019-03-06 19:00:00,196.12628512586113
2019-03-06 20:00:00,186.54296763754212
2019-03-06 21:00:00,122.19511348073529
2019-03-06 22:00:00,122.38959962962105
2019-03-06 23:00:00,104.38892401206483
2019-03-07 00:00:00,105.66579363335056
2019-03-07 01:00:00,104.38772206945852
2019-03-07 02:00:00,101.8618900635563
2019-03-07 03:00:00,103.79889923896661
2019-03-07 04:00:00,99.26706026382509
2019-03-07 05:00:00,108.02884304583597
2019-03-07 06:00:00,104.56526047938819
2019-03-07 07:00:00,172.05901003604518
2019-03-07 08:00:00,318.6430306867078
2019-03-07 09:00:00,284.28694234199713
2019-03-07 10:00:00,329.02881983747534
2019-03-07 11:00:00,352.7102920434585
2019-03-07 12:00:00,362.6911644599586
2019-03-07 13:00:00,360.6344554366289
2019-03-07 14:00:00,338.1050617223698
2019-03-07 15:00:00,293.6122479616226
2019-03-07 16:00:00,368.20053334247774
2019-03-07 17:00:00,394.8531324955316
2019-03-07 18:00:00,267.29905969153197
2019-03-07 19:00:00,180.21283211405498
2019-03-07 20:00:00,163.37324137484524
2019-03-07 21:00:00,130.02254990352608
2019-03-07 22:00:00,106.11970034895866
2019-03-07 23:00:00,106.74953689680807
2019-03-08 00:00:00,104.38772206945852
2019-03-08 01:00:00,89.6365781645036
2019-03-08 02:00:00,89.0477553340117
2019-03-08 03:00:00,89.0477553340117
2019-03-08 04:00:00,86.4529255342805
2019-03-08 05:00:00,91.02409698956353
2019-03-08 06:00:00,89.41544904104202
2019-03-08 07:00:00,134.69831823988974
2019-03-08 08:00:00,116.75997591684403
2019-03-08 09:00:00,110.17920744894582
2019-03-08 10:00:00,114.93591348271285
2019-03-08 11:00:00,348.7907497517515
2019-03-08 12:00:00,167.21445072006256
2019-03-08 13:00:00,174.75888611393344
2019-03-08 14:00:00,151.7913371211026
2019-03-08 15:00:00,171.28787543687952
2019-03-08 16:00:00,138.42276619159912
2019-03-08 17:00:00,156.31917951754326
2019-03-08 18:00:00,138.6080734238666
2019-03-08 19:00:00,102.82891219696738
2019-03-08 20:00:00,99.61383145766503
2019-03-08 21:00:00,93.73395775646544
2019-03-08 22:00:00,88.91152887765682
2019-03-08 23:00:00,89.54136542550623
2019-03-09 00:00:00,89.58710319101966
2019-03-09 01:00:00,102.53278745153224
2019-03-09 02:00:00,103.79889923896661
2019-03-09 03:00:00,101.8618900635563
2019-03-09 04:00:00,109.79149483630084
2019-03-09 05:00:00,96.49177017425548
2019-03-09 06:00:00,106.42019509731446
2019-03-09 07:00:00,157.65726670997356
2019-03-09 08:00:00,315.48157142575536
2019-03-09 09:00:00,315.58231658835797
2019-03-09 10:00:00,376.4741139431685
2019-03-09 11:00:00,405.461207820568
2019-03-09 12:00:00,411.2163671306107
2019-03-09 13:00:00,428.11063378991787
2019-03-09 14:00:00,432.994852194394
2019-03-09 15:00:00,443.8407216023164
2019-03-09 16:00:00,433.1531724334303
2019-03-09 17:00:00,405.4255575447061
2019-03-09 18:00:00,292.7056852687047
2019-03-09 19:00:00,175.48060841103725
2019-03-09 20:00:00,140.09883540969562
2019-03-09 21:00:00,122.19511348073529
2019-03-09 22:00:00,103.02339834585314
2019-03-09 23:00:00,102.3751633298105
2019-03-10 00:00:00,105.66579363335056
2019-03-10 01:00:00,106.40148275171285
2019-03-10 02:00:00,109.92546404185234
2019-03-10 03:00:00,103.79889923896661
2019-03-10 04:00:00,97.93227217320577
2019-03-10 05:00:00,114.41214126506782
2019-03-10 06:00:00,106.42019509731446
2019-03-10 07:00:00,207.25507177201214
2019-03-10 08:00:00,318.6430306867078
2019-03-10 09:00:00,299.959559811326
2019-03-10 10:00:00,351.787622281303
2019-03-10 11:00:00,360.3604898408614
2019-03-10 12:00:00,387.1729923719843
2019-03-10 13:00:00,399.1457553983776
2019-03-10 14:00:00,423.1053900924272
2019-03-10 15:00:00,429.64680438170484
2019-03-10 16:00:00,409.4908034307536
2019-03-10 17:00:00,396.9000123792787
2019-03-10 18:00:00,286.00964355830564
2019-03-10 19:00:00,172.63817035340793
2019-03-10 20:00:00,186.54296763754212
2019-03-10 21:00:00,122.19511348073529
2019-03-10 22:00:00,106.11970034895866
2019-03-10 23:00:00,102.3751633298105
2019-03-11 00:00:00,109.09650313692076
2019-03-11 01:00:00,105.66579363335056
2019-03-11 02:00:00,101.8618900635563
2019-03-11 03:00:00,101.8618900635563
2019-03-11 04:00:00,103.408196617069
2019-03-11 05:00:00,103.88770669259206
2019-03-11 06:00:00,103.80964448959467
2019-03-11 07:00:00,139.17689445378562
2019-03-11 08:00:00,122.46416256288325
2019-03-11 09:00:00,118.76694470681606
2019-03-11 10:00:00,119.1267374598656
2019-03-11 11:00:00,134.5933483870494
2019-03-11 12:00:00,132.23496253819283
2019-03-11 13:00:00,134.74064963670347
2019-03-11 14:00:00,121.08507790679755
2019-03-11 15:00:00,119.22959612153917
2019-03-11 16:00:00,115.85796168037923
2019-03-11 17:00:00,103.73850925930911
2019-03-11 18:00:00,110.10948284648568
2019-03-11 19:00:00,99.21914489004628
2019-03-11 20:00:00,99.61383145766503
2019-03-11 21:00:00,99.72663983381082
2019-03-11 22:00:00,99.80831760655079
2019-03-11 23:00:00,102.3751633298105
2019-03-12 00:00:00,102.45071289404821
2019-03-12 01:00:00,106.40148275171285
2019-03-12 02:00:00,107.88559513585365
2019-03-12 03:00:00,107.88559513585365
2019-03-12 04:00:00,109.79149483630084
2019-03-12 05:00:00,114.41214126506782
2019-03-12 06:00:00,126.42770496414822
2019-03-12 07:00:00,233.3261952610796
2019-03-12 08:00:00,258.3213143099278
2019-03-12 09:00:00,262.8623796774293
2019-03-12 10:00:00,350.33191175610455
2019-03-12 11:00:00,322.42262168613587
2019-03-12 12:00:00,331.1782200086222
2019-03-12 13:00:00,334.39743795090214
2019-03-12 14:00:00,329.27546042036033
2019-03-12 15:00:00,328.74069246432697
2019-03-12 16:00:00,312.9466853016513
2019-03-12 17:00:00,293.968897580114
2019-03-12 18:00:00,214.27738892584864
2019-03-12 19:00:00,188.45662488905816
2019-03-12 20:00:00,140.09883540969562
2019-03-12 21:00:00,122.19511348073529
2019-03-12 22:00:00,110.3612785105795
2019-03-12 23:00:00,104.38892401206483
2019-03-13 00:00:00,105.66579363335056
2019-03-13 01:00:00,105.66579363335056
2019-03-13 02:00:00,103.79889923896661
2019-03-13 03:00:00,107.88559513585365
2019-03-13 04:00:00,103.408196617069
2019-03-13 05:00:00,114.41214126506782
2019-03-13 06:00:00,106.01099328752606
2019-03-13 07:00:00,170.69064835268568
2019-03-13 08:00:00,227.86808469640295
2019-03-13 09:00:00,256.923436455725
2019-03-13 10:00:00,263.91662895944074
2019-03-13 11:00:00,290.35165925530083
2019-03-13 12:00:00,349.46491890420447
2019-03-13 13:00:00,321.22835402352507
2019-03-13 14:00:00,302.60294463639985
2019-03-13 15:00:00,318.73642171875866
2019-03-13 16:00:00,305.5756626738365
2019-03-13 17:00:00,301.7479934816844
2019-03-13 18:00:00,245.36088828874264
2019-03-13 19:00:00,178.78720795307947
2019-03-13 20:00:00,188.45662488905816
2019-03-13 21:00:00,130.02254990352608
2019-03-13 22:00:00,122.38959962962105
2019-03-13 23:00:00,126.68114691342903
2019-03-14 00:00:00,115.77660405339185
2019-03-14 01:00:00,104.17844753935624
2019-03-14 02:00:00,131.27572013428278
2019-03-14 03:00:00,148.85972097791486
2019-03-14 04:00:00,148.95293130440996
2019-03-14 05:00:00,152.40731758677038
2019-03-14 06:00:00,147.96355111419552
2019-03-14 07:00:00,238.72792249650607
2019-03-14 08:00:00,247.48825944088227
2019-03-14 09:00:00,286.2912608519522
2019-03-14 10:00:00,290.98090153706937
2019-03-14 11:00:00,307.18793707641896
2019-03-14 12:00:00,331.1782200086222
2019-03-14 13:00:00,334.39743795090214
2019-03-14 14:00:00,326.64040716292004
2019-03-14 15:00:00,332.5792949076553
2019-03-14 16:00:00,314.0518601601723
2019-03-14 17:00:00,302.0514302767759
2019-03-14 18:00:00,244.79499401300603
2019-03-14 19:00:00,173.8166883313855
2019-03-14 20:00:00,186.14828106992337
2019-03-14 21:00:00,140.2820253397707
2019-03-14 22:00:00,122.38959962962105
2019-03-14 23:00:00,123.01943617747045
2019-03-15 00:00:00,104.89878934067825
2019-03-15 01:00:00,113.3380812985416
2019-03-15 02:00:00,141.95811048763693
2019-03-15 03:00:00,148.85972097791486
2019-03-15 04:00:00,148.77623480324803
2019-03-15 05:00:00,169.24770912014935
2019-03-15 06:00:00,149.11773709886248
2019-03-15 07:00:00,238.72792249650607
2019-03-15 08:00:00,227.86808469640295
2019-03-15 09:00:00,269.4933110987776
2019-03-15 10:00:00,292.7398265792871
2019-03-15 11:00:00,303.60097016427284
2019-03-15 12:00:00,334.77199143749186
2019-03-15 13:00:00,340.56769131827275
2019-03-15 14:00:00,331.5000084946786
2019-03-15 15:00:00,343.6798815594671
2019-03-15 16:00:00,331.74181284313215
2019-03-15 17:00:00,311.6202419040974
2019-03-15 18:00:00,240.3363888062492
2019-03-15 19:00:00,177.95080106004502
2019-03-15 20:00:00,157.43777997713883
2019-03-15 21:00:00,129.04918122418152
2019-03-15 22:00:00,123.39409390584535
2019-03-15 23:00:00,121.83864747317708
2019-03-16 00:00:00,108.75369199770017
2019-03-16 01:00:00,105.64725305161765
2019-03-16 02:00:00,111.26189987895269
2019-03-16 03:00:00,111.31630463942385
2019-03-16 04:00:00,121.93742521288584
2019-03-16 05:00:00,131.615080746976
2019-03-16 06:00:00,112.80349331654631
2019-03-16 07:00:00,157.65726670997356
2019-03-16 08:00:00,198.08119066482428
2019-03-16 09:00:00,202.3322541357358
2019-03-16 10:00:00,206.49463695121122
2019-03-16 11:00:00,170.45720001867716
2019-03-16 12:00:00,159.80482412464514
2019-03-16 13:00:00,156.23216749163055
2019-03-16 14:00:00,154.10772250515072
2019-03-16 15:00:00,152.2522407198923
2019-03-16 16:00:00,137.01236508185255
2019-03-16 17:00:00,131.07730747829444
2019-03-16 18:00:00,130.51732796698235
2019-03-16 19:00:00,122.19511348073529
2019-03-16 20:00:00,122.19511348073529
2019-03-16 21:00:00,122.19511348073529
2019-03-16 22:00:00,122.38959962962105
2019-03-16 23:00:00,123.01943617747045
2019-03-17 00:00:00,109.09650313692076
2019-03-17 01:00:00,109.09650313692076
2019-03-17 02:00:00,111.31630463942385
2019-03-17 03:00:00,111.31630463942385
2019-03-17 04:00:00,126.99443431820912
2019-03-17 05:00:00,131.615080746976
2019-03-17 06:00:00,133.72722749449457
2019-03-17 07:00:00,170.69064835268568
2019-03-17 08:00:00,153.12881701550515
2019-03-17 09:00:00,166.49173251952422
2019-03-17 10:00:00,164.16985198197506
2019-03-17 11:00:00,130.40562180623053
2019-03-17 12:00:00,126.18537568798925
2019-03-17 13:00:00,122.23526009745993
2019-03-17 14:00:00,141.62151657353584
2019-03-17 15:00:00,123.46097193869895
2019-03-17 16:00:00,121.40129606257602
2019-03-17 17:00:00,121.4574500149868
2019-03-17 18:00:00,130.78063700107563
2019-03-17 19:00:00,122.19511348073529
2019-03-17 20:00:00,114.66394205774513
2019-03-17 21:00:00,114.66394205774513
2019-03-17 22:00:00,110.3612785105795
2019-03-17 23:00:00,106.74953689680807
2019-03-18 00:00:00,107.18316508445224
2019-03-18 01:00:00,109.09650313692076
2019-03-18 02:00:00,107.88559513585365
2019-03-18 03:00:00,107.88559513585365
2019-03-18 04:00:00,109.79149483630084
2019-03-18 05:00:00,131.615080746976
2019-03-18 06:00:00,113.91166295785959
2019-03-18 07:00:00,170.69064835268568
2019-03-18 08:00:00,227.86808469640295
2019-03-18 09:00:00,290.1293897307168
2019-03-18 10:00:00,263.91662895944074
2019-03-18 11:00:00,311.74979276127965
2019-03-18 12:00:00,328.7433533496111
2019-03-18 13:00:00,334.39743795090214
2019-03-18 14:00:00,325.329755127308
2019-03-18 15:00:00,332.5792949076553
2019-03-18 16:00:00,313.55264959196484
2019-03-18 17:00:00,302.01089212002256
2019-03-18 18:00:00,252.3340041645105
2019-03-18 19:00:00,174.56015187906806
2019-03-18 20:00:00,163.37324137484524
2019-03-18 21:00:00,130.02254990352608
2019-03-18 22:00:00,122.38959962962105
2019-03-18 23:00:00,123.01943617747045
2019-03-19 00:00:00,113.3380812985416
2019-03-19 01:00:00,121.4078876276076
2019-03-19 02:00:00,111.31630463942385
2019-03-19 03:00:00,131.27572013428278
2019-03-19 04:00:00,126.99443431820912
2019-03-19 05:00:00,131.615080746976
2019-03-19 06:00:00,147.96355111419552
2019-03-19 07:00:00,238.72792249650607
2019-03-19 08:00:00,245.56710241355108
2019-03-19 09:00:00,299.449396380609
2019-03-19 10:00:00,290.9264967765982
2019-03-19 11:00:00,329.0044003900046
2019-03-19 12:00:00,333.84272991036124
2019-03-19 13:00:00,335.47549486340466
2019-03-19 14:00:00,316.54276046062535
2019-03-19 15:00:00,333.07850547586276
2019-03-19 16:00:00,290.2186918864478
2019-03-19 17:00:00,263.37600893047573
2019-03-19 18:00:00,223.4876517088145
2019-03-19 19:00:00,185.79950408985957
2019-03-19 20:00:00,143.71334956873585
2019-03-19 21:00:00,120.88805358452294
2019-03-19 22:00:00,106.0652955884875
2019-03-19 23:00:00,103.38481951800277
2019-03-20 00:00:00,105.66579363335056
2019-03-20 01:00:00,105.66579363335056
2019-03-20 02:00:00,103.79889923896661
2019-03-20 03:00:00,108.62128425421594
2019-03-20 04:00:00,103.408196617069
2019-03-20 05:00:00,120.72513236418085
2019-03-20 06:00:00,106.42019509731446
2019-03-20 07:00:00,170.69064835268568
2019-03-20 08:00:00,245.56710241355108
2019-03-20 09:00:00,266.939905719902
2019-03-20 10:00:00,263.91662895944074
2019-03-20 11:00:00,289.08890956499056
2019-03-20 12:00:00,358.99514335998504
2019-03-20 13:00:00,333.84272991036124
2019-03-20 14:00:00,334.12967042969626
2019-03-20 15:00:00,332.9036349390992
2019-03-20 16:00:00,290.04382134968426
2019-03-20 17:00:00,249.5582224042708
2019-03-20 18:00:00,224.61307285463917
2019-03-20 19:00:00,185.33654489481563
2019-03-20 20:00:00,163.04472146716574
2019-03-20 21:00:00,139.53856179208816
2019-03-20 22:00:00,121.98641788908608
2019-03-20 23:00:00,106.48112152110829
2019-03-21 00:00:00,105.66579363335056
2019-03-21 01:00:00,102.563521270194
2019-03-21 02:00:00,101.94396462104034
2019-03-21 03:00:00,103.79889923896661
2019-03-21 04:00:00,99.26706026382509
2019-03-21 05:00:00,108.02884304583597
2019-03-21 06:00:00,102.27905874407055
2019-03-21 07:00:00,151.34427561086054
2019-03-21 08:00:00,255.77874471754683
2019-03-21 09:00:00,261.54781873218434
2019-03-21 10:00:00,262.8221224342213
2019-03-21 11:00:00,296.07717529195077
2019-03-21 12:00:00,356.5656088352303
2019-03-21 13:00:00,332.3073823275617
2019-03-21 14:00:00,326.4078120398105
2019-03-21 15:00:00,331.9650833871327
2019-03-21 16:00:00,289.7897007748309
2019-03-21 17:00:00,263.1434138073662
2019-03-21 18:00:00,231.16021914380886
2019-03-21 19:00:00,186.14828106992337
2019-03-21 20:00:00,145.0204094649482
2019-03-21 21:00:00,130.02254990352608
2019-03-21 22:00:00,106.11970034895866
2019-03-21 23:00:00,103.43922427847393
2019-03-22 00:00:00,104.38772206945852
2019-03-22 01:00:00,105.66579363335056
2019-03-22 02:00:00,103.79889923896661
2019-03-22 03:00:00,107.88559513585365
2019-03-22 04:00:00,103.408196617069
2019-03-22 05:00:00,108.02884304583597
2019-03-22 06:00:00,102.27905874407055
2019-03-22 07:00:00,151.34427561086054
2019-03-22 08:00:00,227.86808469640295
2019-03-22 09:00:00,237.27045815694177
2019-03-22 10:00:00,262.8221224342213
2019-03-22 11:00:00,275.4206969259256
2019-03-22 12:00:00,345.9773437830441
2019-03-22 13:00:00,315.6391372891695
2019-03-22 14:00:00,292.42076112249623
2019-03-22 15:00:00,309.2453372021383
2019-03-22 16:00:00,290.2186918864478
2019-03-22 17:00:00,239.59751129876318
2019-03-22 18:00:00,203.08449758846606
2019-03-22 19:00:00,162.80892040319875
2019-03-22 20:00:00,141.92490640612272
2019-03-22 21:00:00,122.68710389775009
2019-03-22 22:00:00,123.22187185378344
2019-03-22 23:00:00,106.54728818104755
2019-03-23 00:00:00,105.06829138015968
2019-03-23 01:00:00,103.18388162377269
2019-03-23 02:00:00,103.79889923896661
2019-03-23 03:00:00,101.8618900635563
2019-03-23 04:00:00,103.408196617069
2019-03-23 05:00:00,108.02884304583597
2019-03-23 06:00:00,106.42019509731446
2019-03-23 07:00:00,139.17689445378562
2019-03-23 08:00:00,175.08731400170612
2019-03-23 09:00:00,154.55767481875677
2019-03-23 10:00:00,197.0836678426443
2019-03-23 11:00:00,165.49447323069006
2019-03-23 12:00:00,143.9502595187891
2019-03-23 13:00:00,156.23216749163055
2019-03-23 14:00:00,140.37792040345735
2019-03-23 15:00:00,152.2522407198923
2019-03-23 16:00:00,130.94943343862818
2019-03-23 17:00:00,132.0255492327664
2019-03-23 18:00:00,123.59056941644775
2019-03-23 19:00:00,115.42869977584657
2019-03-23 20:00:00,114.86948211536772
2019-03-23 21:00:00,106.13075425769549
2019-03-23 22:00:00,99.91088159812351
2019-03-23 23:00:00,101.31071237287992
2019-03-24 00:00:00,100.51842255023801
2019-03-24 01:00:00,101.76701897566934
2019-03-24 02:00:00,101.80748530308514
2019-03-24 03:00:00,97.51188723297254
2019-03-24 04:00:00,91.8711237454885
2019-03-24 05:00:00,103.88770669259206
2019-03-24 06:00:00,102.46164210455292
2019-03-24 07:00:00,137.8421063631663
2019-03-24 08:00:00,116.75997591684403
2019-03-24 09:00:00,112.0749369273821
2019-03-24 10:00:00,118.40165408977896
2019-03-24 11:00:00,138.32317260973494
2019-03-24 12:00:00,130.76095251461456
2019-03-24 13:00:00,126.40982577089102
2019-03-24 14:00:00,130.02029730631483
2019-03-24 15:00:00,119.22959612153917
2019-03-24 16:00:00,110.99845788771437
2019-03-24 17:00:00,110.31192817081414
2019-03-24 18:00:00,107.89777589240902
2019-03-24 19:00:00,103.35879228603383
2019-03-24 20:00:00,98.63641777380505
2019-03-24 21:00:00,98.54575853577417
2019-03-24 22:00:00,99.90215406350292
2019-03-24 23:00:00,94.46825727922969
2019-03-25 00:00:00,101.42660790449143
2019-03-25 01:00:00,103.75530130657178
2019-03-25 02:00:00,99.32845050613294
2019-03-25 03:00:00,94.86235660348986
2019-03-25 04:00:00,101.55326199914272
2019-03-25 05:00:00,103.88770669259206
2019-03-25 06:00:00,107.41302483853286
2019-03-25 07:00:00,165.63363924736237
2019-03-25 08:00:00,222.33235130573212
2019-03-25 09:00:00,239.02938319915955
2019-03-25 10:00:00,267.189793325939
2019-03-25 11:00:00,339.38854156761687
2019-03-25 12:00:00,348.82635198602264
2019-03-25 13:00:00,352.5129905449792
2019-03-25 14:00:00,345.53536334472545
2019-03-25 15:00:00,351.8010226151054
2019-03-25 16:00:00,361.5029940738345
2019-03-25 17:00:00,333.32362460210214
2019-03-25 18:00:00,272.2735652024383
2019-03-25 19:00:00,184.1025553076891
2019-03-25 20:00:00,149.83826362290299
2019-03-25 21:00:00,129.19584305716015
2019-03-25 22:00:00,124.8153529840951
2019-03-25 23:00:00,124.04251496157572
2019-03-26 00:00:00,117.39030956188451
2019-03-26 01:00:00,109.9038275137302
2019-03-26 02:00:00,164.35260174545616
2019-03-26 03:00:00,111.712707697694
2019-03-26 04:00:00,133.60594518494403
2019-03-26 05:00:00,135.70888018357437
2019-03-26 06:00:00,127.1713142744013
2019-03-26 07:00:00,170.69064835268568
2019-03-26 08:00:00,224.81009361808103
2019-03-26 09:00:00,237.2160533964706
2019-03-26 10:00:00,342.2769745118672
2019-03-26 11:00:00,318.8022635252566
2019-03-26 12:00:00,333.4613394018798
2019-03-26 13:00:00,328.3831763297994
2019-03-26 14:00:00,331.5000084946786
2019-03-26 15:00:00,343.6798815594671
2019-03-26 16:00:00,357.0811509337015
2019-03-26 17:00:00,333.32362460210214
2019-03-26 18:00:00,273.3061296587211
2019-03-26 19:00:00,185.80096846743038
2019-03-26 20:00:00,139.35683623958388
2019-03-26 21:00:00,123.7268232645165
2019-03-26 22:00:00,116.56032754352093
2019-03-26 23:00:00,107.54002055780376
2019-03-27 00:00:00,110.30911652263488
2019-03-27 01:00:00,109.0420983764496
2019-03-27 02:00:00,103.79889923896661
2019-03-27 03:00:00,108.62128425421594
2019-03-27 04:00:00,103.408196617069
2019-03-27 05:00:00,114.41214126506782
2019-03-27 06:00:00,112.8889492823961
2019-03-27 07:00:00,191.48288519248007
2019-03-27 08:00:00,227.86808469640295
2019-03-27 09:00:00,258.75171850752747
2019-03-27 10:00:00,350.04295122859463
2019-03-27 11:00:00,320.43725559231257
2019-03-27 12:00:00,335.2712020056993
2019-03-27 13:00:00,335.54809956513174
2019-03-27 14:00:00,331.5000084946786
2019-03-27 15:00:00,343.6798815594671
2019-03-27 16:00:00,344.2502731027035
2019-03-27 17:00:00,334.3561890583849
2019-03-27 18:00:00,256.4189617462
2019-03-27 19:00:00,184.1025553076891
2019-03-27 20:00:00,147.53832118998236
2019-03-27 21:00:00,139.30865666042615
2019-03-27 22:00:00,116.09551760596477
2019-03-27 23:00:00,107.54002055780376
2019-03-28 00:00:00,108.49900088372988
2019-03-28 01:00:00,109.0420983764496
2019-03-28 02:00:00,107.88559513585365
2019-03-28 03:00:00,107.88559513585365
2019-03-28 04:00:00,103.408196617069
2019-03-28 05:00:00,131.615080746976
2019-03-28 06:00:00,118.12265852923716
2019-03-28 07:00:00,170.69064835268568
2019-03-28 08:00:00,228.56884845649333
2019-03-28 09:00:00,254.20093091787305
2019-03-28 10:00:00,348.00198561990504
2019-03-28 11:00:00,315.58304558297664
2019-03-28 12:00:00,333.4613394018798
2019-03-28 13:00:00,327.60706820215955
2019-03-28 14:00:00,327.4165152905599
2019-03-28 15:00:00,336.80944994475254
2019-03-28 16:00:00,345.2828375589863
2019-03-28 17:00:00,334.3561890583849
2019-03-28 18:00:00,269.8954997267323
2019-03-28 19:00:00,183.14974838435228
2019-03-28 20:00:00,147.03911062177488
2019-03-28 21:00:00,139.7673290718803
2019-03-28 22:00:00,123.39409390584535
2019-03-28 23:00:00,107.36779850574185
2019-03-29 00:00:00,105.80398049852197
2019-03-29 01:00:00,109.0420983764496
2019-03-29 02:00:00,111.31630463942385
2019-03-29 03:00:00,107.88559513585365
2019-03-29 04:00:00,126.99443431820912
2019-03-29 05:00:00,114.41214126506782
2019-03-29 06:00:00,127.43347038176869
2019-03-29 07:00:00,191.48288519248007
2019-03-29 08:00:00,241.98452418995137
2019-03-29 09:00:00,232.27544313414657
2019-03-29 10:00:00,342.2769745118672
2019-03-29 11:00:00,320.6579131949685
2019-03-29 12:00:00,327.93140823360346
2019-03-29 13:00:00,311.71493129140725
2019-03-29 14:00:00,314.8317634562864
2019-03-29 15:00:00,349.47349084512086
2019-03-29 16:00:00,356.4819061305883
2019-03-29 17:00:00,330.945559126396
2019-03-29 18:00:00,265.66534468963505
2019-03-29 19:00:00,187.0349580545569
2019-03-29 20:00:00,139.77031550201613
2019-03-29 21:00:00,121.8665935730558
2019-03-29 22:00:00,105.1529222598939
2019-03-29 23:00:00,106.48112152110829
2019-03-30 00:00:00,104.33331730898736
2019-03-30 01:00:00,105.6113888728794
2019-03-30 02:00:00,101.88955986056918
2019-03-30 03:00:00,103.79889923896661
2019-03-30 04:00:00,100.79764600934921
2019-03-30 05:00:00,106.1739084279097
2019-03-30 06:00:00,107.19202537956485
2019-03-30 07:00:00,134.32180725402446
2019-03-30 08:00:00,175.08731400170612
2019-03-30 09:00:00,143.51539457080864
2019-03-30 10:00:00,190.76043187483464
2019-03-30 11:00:00,131.83574780003332
2019-03-30 12:00:00,145.71100311466407
2019-03-30 13:00:00,126.73197352119384
2019-03-30 14:00:00,153.4182691182179
2019-03-30 15:00:00,152.2522407198923
2019-03-30 16:00:00,139.38441325494694
2019-03-30 17:00:00,131.46633157228743
2019-03-30 18:00:00,122.79875663285932
2019-03-30 19:00:00,122.859325949812
2019-03-30 20:00:00,110.65878277870854
2019-03-30 21:00:00,110.65878277870854
2019-03-30 22:00:00,102.57759900612349
2019-03-30 23:00:00,100.23590543863968
2019-03-31 00:00:00,101.5203415583383
2019-03-31 02:00:00,102.21641515279329
2019-03-31 03:00:00,100.92350503120714
2019-03-31 04:00:00,94.84908072792756
2019-03-31 05:00:00,103.88770669259206
2019-03-31 06:00:00,101.35187641081558
2019-03-31 07:00:00,137.8421063631663
2019-03-31 08:00:00,116.69199921153026
2019-03-31 09:00:00,115.94951938179963
2019-03-31 10:00:00,124.1156309162437
2019-03-31 11:00:00,143.95771641350558
2019-03-31 12:00:00,131.4448595485498
2019-03-31 13:00:00,137.10695974465358
2019-03-31 14:00:00,127.09927915782374
2019-03-31 15:00:00,125.5736129529636
2019-03-31 16:00:00,115.05213018003312
2019-03-31 17:00:00,112.96017901821867
2019-03-31 18:00:00,108.67232937150469
2019-03-31 19:00:00,103.56172120675372
2019-03-31 20:00:00,100.80737708539279
2019-03-31 21:00:00,98.98317628612827
2019-03-31 22:00:00,102.96899358538198
2019-03-31 23:00:00,102.10674795411073
2019-04-01 00:00:00,104.38772206945852
2019-04-01 01:00:00,102.45071289404821
2019-04-01 02:00:00,100.52710197293699
2019-04-01 03:00:00,100.52710197293699
2019-04-01 04:00:00,97.93227217320577
2019-04-01 05:00:00,103.88770669259206
2019-04-01 06:00:00,98.55934085382566
2019-04-01 07:00:00,139.17689445378562
2019-04-01 08:00:00,222.33235130573212
2019-04-01 09:00:00,232.59167112001143
2019-04-01 10:00:00,270.40901126821893
2019-04-01 11:00:00,277.0083863978396
2019-04-01 12:00:00,281.1901612401551
2019-04-01 13:00:00,286.6461353205818
2019-04-01 14:00:00,265.0645896939611
2019-04-01 15:00:00,265.57877838687796
2019-04-01 16:00:00,239.63563127937374
2019-04-01 17:00:00,222.30865400641483
2019-04-01 18:00:00,199.3265641856594
2019-04-01 19:00:00,145.0204094649482
2019-04-01 20:00:00,130.02254990352608
2019-04-01 21:00:00,122.19511348073529
2019-04-01 22:00:00,110.3612785105795
2019-04-01 23:00:00,100.52022871188423
2019-04-02 00:00:00,104.38772206945852
2019-04-02 01:00:00,105.66579363335056
2019-04-02 02:00:00,101.94396462104034
2019-04-02 03:00:00,101.8618900635563
2019-04-02 04:00:00,97.93227217320577
2019-04-02 05:00:00,102.55291860197275
2019-04-02 06:00:00,109.11086800234087
2019-04-02 07:00:00,140.02599390006367
2019-04-02 08:00:00,236.6704761974985
2019-04-02 09:00:00,243.5353739045447
2019-04-02 10:00:00,270.6849620505761
2019-04-02 11:00:00,299.91042811364775
2019-04-02 12:00:00,328.715962791235
2019-04-02 13:00:00,310.9388231637674
2019-04-02 14:00:00,329.04237731938935
2019-04-02 15:00:00,303.71923702360425
2019-04-02 16:00:00,287.77828497912844
2019-04-02 17:00:00,251.1714689474855
2019-04-02 18:00:00,222.8300665028577
2019-04-02 19:00:00,188.45662488905816
2019-04-02 20:00:00,140.2820253397707
2019-04-02 21:00:00,122.19511348073529
2019-04-02 22:00:00,114.85842820663089
2019-04-02 23:00:00,103.65323489370255
2019-04-03 00:00:00,105.66579363335056
2019-04-03 01:00:00,102.45071289404821
2019-04-03 02:00:00,100.52710197293699
2019-04-03 03:00:00,103.79889923896661
2019-04-03 04:00:00,97.93227217320577
2019-04-03 05:00:00,99.5377038620083
2019-04-03 06:00:00,107.19202537956485
2019-04-03 07:00:00,143.3180308070296
2019-04-03 08:00:00,222.55403670395006
2019-04-03 09:00:00,225.52347690888584
2019-04-03 10:00:00,256.2928921522254
2019-04-03 11:00:00,260.6425781749262
2019-04-03 12:00:00,334.7081137228719
2019-04-03 13:00:00,260.6048462063502
2019-04-03 14:00:00,256.5932501133441
2019-04-03 15:00:00,259.91489950198076
2019-04-03 16:00:00,239.43345587209956
2019-04-03 17:00:00,218.14262450986232
2019-04-03 18:00:00,200.07002773334196
2019-04-03 19:00:00,145.0204094649482
2019-04-03 20:00:00,130.02254990352608
2019-04-03 21:00:00,122.19511348073529
2019-04-03 22:00:00,106.11970034895866
2019-04-03 23:00:00,106.74953689680807
2019-04-04 00:00:00,107.86337353865201
2019-04-04 01:00:00,105.82350463265333
2019-04-04 02:00:00,110.0831750411551
2019-04-04 03:00:00,104.08439956105349
2019-04-04 04:00:00,109.29064534993245
2019-04-04 05:00:00,112.65282693780713
2019-04-04 06:00:00,116.28667128260825
2019-04-04 07:00:00,193.66889374086338
2019-04-04 08:00:00,236.6704761974985
2019-04-04 09:00:00,243.5353739045447
2019-04-04 10:00:00,262.8221224342213
2019-04-04 11:00:00,338.6892383990668
2019-04-04 12:00:00,333.46814487084924
2019-04-04 13:00:00,314.33251508886406
2019-04-04 14:00:00,294.4963864048821
2019-04-04 15:00:00,321.279320851494
2019-04-04 16:00:00,308.83146365141494
2019-04-04 17:00:00,297.46502365897527
2019-04-04 18:00:00,233.5842648402534
2019-04-04 19:00:00,178.6235511040091
2019-04-04 20:00:00,150.58026279301473
2019-04-04 21:00:00,122.96206554641506
2019-04-04 22:00:00,122.38959962962105
2019-04-04 23:00:00,103.65323489370255
2019-04-05 00:00:00,105.66579363335056
2019-04-05 01:00:00,102.72123226949677
2019-04-05 02:00:00,108.04330613515641
2019-04-05 03:00:00,102.22946494312721
2019-04-05 04:00:00,102.9073471307006
2019-04-05 05:00:00,102.88400835512489
2019-04-05 06:00:00,101.11940218610583
2019-04-05 07:00:00,125.64076136503019
2019-04-05 08:00:00,111.69265618188226
2019-04-05 09:00:00,150.71954593999214
2019-04-05 10:00:00,197.13807260311546
2019-04-05 11:00:00,176.7087882772841
2019-04-05 12:00:00,254.70129538516557
2019-04-05 13:00:00,163.78717855177797
2019-04-05 14:00:00,163.78717855177797
2019-04-05 15:00:00,140.09841434536355
2019-04-05 16:00:00,130.2309624465134
2019-04-05 17:00:00,129.8924298313054
2019-04-05 18:00:00,122.82581169834631
2019-04-05 19:00:00,122.19511348073529
2019-04-05 20:00:00,110.16679236169374
2019-04-05 21:00:00,114.66394205774513
2019-04-05 22:00:00,110.3612785105795
2019-04-05 23:00:00,100.55096253054599
2019-04-06 00:00:00,105.66579363335056
2019-04-06 01:00:00,108.91980663575885
2019-04-06 02:00:00,108.04330613515641
2019-04-06 03:00:00,108.04330613515641
2019-04-06 04:00:00,103.56590761637176
2019-04-06 05:00:00,107.61964123604757
2019-04-06 06:00:00,112.39429150675791
2019-04-06 07:00:00,165.2889211172592
2019-04-06 08:00:00,315.48157142575536
2019-04-06 09:00:00,315.58231658835797
2019-04-06 10:00:00,396.4412497231208
2019-04-06 11:00:00,375.8834158465637
2019-04-06 12:00:00,403.6424861079757
2019-04-06 13:00:00,349.46491890420447
2019-04-06 14:00:00,375.03239146722836
2019-04-06 15:00:00,365.9183709602306
2019-04-06 16:00:00,391.53478801662953
2019-04-06 17:00:00,394.8531324955316
2019-04-06 18:00:00,290.4454603187771
2019-04-06 19:00:00,180.21283211405498
2019-04-06 20:00:00,188.45662488905816
2019-04-06 21:00:00,122.96206554641506
2019-04-06 22:00:00,122.38959962962105
2019-04-06 23:00:00,106.74953689680807
2019-04-07 00:00:00,109.09650313692076
2019-04-07 01:00:00,105.66579363335056
2019-04-07 02:00:00,101.8618900635563
2019-04-07 03:00:00,103.79889923896661
2019-04-07 04:00:00,99.26706026382509
2019-04-07 05:00:00,108.02884304583597
2019-04-07 06:00:00,102.27905874407055
2019-04-07 07:00:00,151.34427561086054
2019-04-07 08:00:00,318.6430306867078
2019-04-07 09:00:00,276.07286762110857
2019-04-07 10:00:00,334.12932218813484
2019-04-07 11:00:00,334.7181450186267
2019-04-07 12:00:00,335.6318996991465
2019-04-07 13:00:00,352.6918140037517
2019-04-07 14:00:00,348.04973795185634
2019-04-07 15:00:00,351.74150279728934
2019-04-07 16:00:00,359.117562548079
2019-04-07 17:00:00,327.6082152363875
2019-04-07 18:00:00,290.4454603187771
2019-04-07 19:00:00,178.67596700675657
2019-04-07 20:00:00,180.46197355805484
2019-04-07 21:00:00,140.2820253397707
2019-04-07 22:00:00,122.38959962962105
2019-04-07 23:00:00,106.74953689680807
2019-04-08 00:00:00,113.3380812985416
2019-04-08 01:00:00,89.58710319101966
2019-04-08 02:00:00,88.99828036052776
2019-04-08 03:00:00,83.71133666558944
2019-04-08 04:00:00,86.40345056079656
2019-04-08 05:00:00,91.02409698956353
2019-04-08 06:00:00,102.18552716437007
2019-04-08 07:00:00,101.71467478987287
2019-04-08 08:00:00,103.08423090783565
2019-04-08 09:00:00,104.1104723297012
2019-04-08 10:00:00,99.39142804956272
2019-04-08 11:00:00,127.1086375684968
2019-04-08 12:00:00,92.87797693146132
2019-04-08 13:00:00,95.69489176940907
2019-04-08 14:00:00,100.68804452733784
2019-04-08 15:00:00,92.28880421495681
2019-04-08 16:00:00,91.0699134082058
2019-04-08 17:00:00,96.20845063086458
2019-04-08 18:00:00,103.73004435418157
2019-04-08 19:00:00,88.71704272877106
2019-04-08 20:00:00,88.71704272877106
2019-04-08 21:00:00,88.71704272877106
2019-04-08 22:00:00,88.91152887765682
2019-04-08 23:00:00,89.54136542550623
2019-04-09 00:00:00,89.58710319101966
2019-04-09 01:00:00,102.45071289404821
2019-04-09 02:00:00,103.79889923896661
2019-04-09 03:00:00,101.8618900635563
2019-04-09 04:00:00,99.26706026382509
2019-04-09 05:00:00,106.1739084279097
2019-04-09 06:00:00,116.61925140755393
2019-04-09 07:00:00,162.5061975569634
2019-04-09 08:00:00,310.0115740315799
2019-04-09 09:00:00,330.0988183941488
2019-04-09 10:00:00,372.57545074748697
2019-04-09 11:00:00,390.6760392511018
2019-04-09 12:00:00,402.9772206053536
2019-04-09 13:00:00,399.07848183197143
2019-04-09 14:00:00,363.8020495188939
2019-04-09 15:00:00,351.6877628152844
2019-04-09 16:00:00,349.84800529909654
2019-04-09 17:00:00,344.845784026318
2019-04-09 18:00:00,291.86878782808714
2019-04-09 19:00:00,193.69457468327113
2019-04-09 20:00:00,141.43291598910793
2019-04-09 21:00:00,122.19511348073529
2019-04-09 22:00:00,101.7453267819611
2019-04-09 23:00:00,103.65323489370255
2019-04-10 00:00:00,101.1159248034289
2019-04-10 01:00:00,102.53278745153224
2019-04-10 02:00:00,111.31630463942385
2019-04-10 03:00:00,101.8618900635563
2019-04-10 04:00:00,103.408196617069
2019-04-10 05:00:00,103.88770669259206
2019-04-10 06:00:00,111.14332696369068
2019-04-10 07:00:00,230.54347170078378
2019-04-10 08:00:00,319.6318721497823
2019-04-10 09:00:00,306.6016284378975
2019-04-10 10:00:00,363.4404438381216
2019-04-10 11:00:00,383.40848842224125
2019-04-10 12:00:00,375.8834158465637
2019-04-10 13:00:00,377.78617543482557
2019-04-10 14:00:00,394.02606563777687
2019-04-10 15:00:00,415.45433706911547
2019-04-10 16:00:00,406.7575213844746
2019-04-10 17:00:00,398.4115138840656
2019-04-10 18:00:00,326.7189104005384
2019-04-10 19:00:00,192.55936062689307
2019-04-10 20:00:00,145.0204094649482
2019-04-10 21:00:00,122.19511348073529
2019-04-10 22:00:00,105.06326725185183
2019-04-10 23:00:00,103.65323489370255
2019-04-11 00:00:00,102.45071289404821
2019-04-11 01:00:00,102.45071289404821
2019-04-11 02:00:00,101.8618900635563
2019-04-11 03:00:00,101.8618900635563
2019-04-11 04:00:00,103.408196617069
2019-04-11 05:00:00,103.88770669259206
2019-04-11 06:00:00,123.95260898141066
2019-04-11 07:00:00,249.65538263461823
2019-04-11 08:00:00,289.8478693962998
2019-04-11 09:00:00,294.4543813578138
2019-04-11 10:00:00,327.18539228828735
2019-04-11 11:00:00,339.06746744885
2019-04-11 12:00:00,351.54297702990823
2019-04-11 13:00:00,347.73366186239696
2019-04-11 14:00:00,359.4991962009093
2019-04-11 15:00:00,356.1889838047759
