Date_Time,LR_Prediction,RF_Prediction
2019-01-01 00:00:00,73.8,87.931
2019-01-01 01:00:00,80.685,87.592
2019-01-01 02:00:00,86.651,88.795
2019-01-01 03:00:00,98.138,95.504
2019-01-01 04:00:00,97.561,89.204
2019-01-01 05:00:00,100.793,89.154
2019-01-01 06:00:00,102.874,91.858
2019-01-01 07:00:00,105.294,101.711
2019-01-01 08:00:00,112.954,99.965
2019-01-01 09:00:00,124.688,107.936
2019-01-01 10:00:00,127.079,107.48
2019-01-01 11:00:00,130.772,108.79
2019-01-01 12:00:00,124.997,106.328
2019-01-01 13:00:00,117.573,105.303
2019-01-01 14:00:00,110.437,107.506
2019-01-01 15:00:00,98.376,107.369
2019-01-01 16:00:00,85.393,103.346
2019-01-01 17:00:00,76.996,115.376
2019-01-01 18:00:00,83.522,110.956
2019-01-01 19:00:00,76.864,102.377
2019-01-01 20:00:00,77.334,100.428
2019-01-01 21:00:00,80.849,101.967
2019-01-01 22:00:00,81.465,117.288
2019-01-01 23:00:00,83.667,89.077
2019-01-02 00:00:00,81.372,86.969
2019-01-02 01:00:00,105.914,106.501
2019-01-02 02:00:00,110.059,155.29
2019-01-02 03:00:00,117.283,105.683
2019-01-02 04:00:00,122.229,106.984
2019-01-02 05:00:00,123.542,101.744
2019-01-02 06:00:00,124.254,108.086
2019-01-02 07:00:00,127.787,137.444
2019-01-02 08:00:00,162.352,189.082
2019-01-02 09:00:00,206.209,228.216
2019-01-02 10:00:00,229.039,254.326
2019-01-02 11:00:00,253.061,251.942
2019-01-02 12:00:00,318.954,318.753
2019-01-02 13:00:00,264.027,270.027
2019-01-02 14:00:00,266.225,277.797
2019-01-02 15:00:00,267.311,294.017
2019-01-02 16:00:00,245.375,279.246
2019-01-02 17:00:00,221.542,247.776
2019-01-02 18:00:00,210.23,218.907
2019-01-02 19:00:00,173.163,170.529
2019-01-02 20:00:00,143.859,140.757
2019-01-02 21:00:00,128.19,117.11
2019-01-02 22:00:00,113.824,108.555
2019-01-02 23:00:00,109.169,108.849
2019-01-03 00:00:00,98.761,106.677
2019-01-03 01:00:00,116.332,113.565
2019-01-03 02:00:00,116.982,106.003
2019-01-03 03:00:00,118.878,107.138
2019-01-03 04:00:00,123.681,108.327
2019-01-03 05:00:00,125.848,110.084
2019-01-03 06:00:00,126.677,110.291
2019-01-03 07:00:00,131.356,148.687
2019-01-03 08:00:00,177.579,205.649
2019-01-03 09:00:00,225.287,258.891
2019-01-03 10:00:00,256.788,273.766
2019-01-03 11:00:00,274.657,276.505
2019-01-03 12:00:00,383.064,310.301
2019-01-03 13:00:00,302.941,315.85
2019-01-03 14:00:00,287.923,307.795
2019-01-03 15:00:00,274.587,291.583
2019-01-03 16:00:00,251.216,275.125
2019-01-03 17:00:00,226.261,252.172
2019-01-03 18:00:00,208.402,211.415
2019-01-03 19:00:00,187.627,185.577
2019-01-03 20:00:00,151.144,148.62
2019-01-03 21:00:00,136.982,124.194
2019-01-03 22:00:00,115.029,111.108
2019-01-03 23:00:00,121.132,115.402
2019-01-04 00:00:00,103.23,110.918
2019-01-04 01:00:00,106.049,107.824
2019-01-04 02:00:00,109.248,102.245
2019-01-04 03:00:00,114.576,102.017
2019-01-04 04:00:00,119.391,103.194
2019-01-04 05:00:00,119.706,101.593
2019-01-04 06:00:00,121.661,105.994
2019-01-04 07:00:00,130.364,147.562
2019-01-04 08:00:00,156.444,178.207
2019-01-04 09:00:00,180.029,211.194
2019-01-04 10:00:00,220.028,244.722
2019-01-04 11:00:00,349.903,299.702
2019-01-04 12:00:00,309.557,310.086
2019-01-04 13:00:00,317.248,314.655
2019-01-04 14:00:00,301.751,312.412
2019-01-04 15:00:00,292.981,304.87
2019-01-04 16:00:00,289.486,313.934
2019-01-04 17:00:00,299.598,280.499
2019-01-04 18:00:00,287.467,273.869
2019-01-04 19:00:00,251.637,191.287
2019-01-04 20:00:00,196.523,186.089
2019-01-04 21:00:00,150.886,137.728
2019-01-04 22:00:00,131.266,118.265
2019-01-04 23:00:00,122.317,115.575
2019-01-05 00:00:00,103.451,109.183
2019-01-05 01:00:00,105.312,105.6
2019-01-05 02:00:00,113.459,106.973
2019-01-05 03:00:00,115.88,107.972
2019-01-05 04:00:00,121.209,104.226
2019-01-05 05:00:00,123.199,102.126
2019-01-05 06:00:00,122.273,106.445
2019-01-05 07:00:00,124.792,112.325
2019-01-05 08:00:00,125.033,106.242
2019-01-05 09:00:00,141.129,123.421
2019-01-05 10:00:00,163.556,165.158
2019-01-05 11:00:00,258.979,256.953
2019-01-05 12:00:00,190.631,171.645
2019-01-05 13:00:00,203.922,201.403
2019-01-05 14:00:00,190.482,196.904
2019-01-05 15:00:00,169.666,182.515
2019-01-05 16:00:00,162.49,179.113
2019-01-05 17:00:00,153.644,167.274
2019-01-05 18:00:00,158.468,156.486
2019-01-05 19:00:00,163.686,153.976
2019-01-05 20:00:00,124.647,124.484
2019-01-05 21:00:00,114.842,112.166
2019-01-05 22:00:00,116.8,108.699
2019-01-05 23:00:00,106.191,103.634
2019-01-06 00:00:00,96.897,103.456
2019-01-06 01:00:00,13.467,71.822
2019-01-06 02:00:00,19.89,71.822
2019-01-06 03:00:00,25.636,71.885
2019-01-06 04:00:00,30.2,71.735
2019-01-06 05:00:00,33.344,71.691
2019-01-06 06:00:00,34.816,72.122
2019-01-06 07:00:00,34.779,71.932
2019-01-06 08:00:00,36.577,71.713
2019-01-06 09:00:00,42.133,71.863
2019-01-06 10:00:00,45.555,71.799
2019-01-06 11:00:00,45.764,71.799
2019-01-06 12:00:00,42.582,71.751
2019-01-06 13:00:00,36.04,72.047
2019-01-06 14:00:00,26.713,61.257
2019-01-06 15:00:00,15.416,61.257
2019-01-06 16:00:00,3.79,67.128
2019-01-06 17:00:00,-4.454,67.333
2019-01-06 18:00:00,-5.032,67.349
2019-01-06 19:00:00,-3.522,65.798
2019-01-06 20:00:00,-0.344,73.133
2019-01-06 21:00:00,4.061,74.818
2019-01-06 22:00:00,9.731,89.686
2019-01-06 23:00:00,16.232,74.631
2019-01-07 00:00:00,6.371,71.97
2019-01-07 01:00:00,99.973,100.429
2019-01-07 02:00:00,101.994,96.311
2019-01-07 03:00:00,109.794,98.605
2019-01-07 04:00:00,118.102,101.03
2019-01-07 05:00:00,117.365,101.548
2019-01-07 06:00:00,119.46,101.277
2019-01-07 07:00:00,129.449,142.289
2019-01-07 08:00:00,352.3,297.46
2019-01-07 09:00:00,268.472,259.701
2019-01-07 10:00:00,322.124,317.09
2019-01-07 11:00:00,341.389,323.169
2019-01-07 12:00:00,376.741,299.498
2019-01-07 13:00:00,362.143,293.98
2019-01-07 14:00:00,341.378,317.338
2019-01-07 15:00:00,340.525,336.154
2019-01-07 16:00:00,372.192,354.362
2019-01-07 17:00:00,337.579,329.808
2019-01-07 18:00:00,319.175,314.777
2019-01-07 19:00:00,301.323,181.855
2019-01-07 20:00:00,166.556,147.399
2019-01-07 21:00:00,126.957,120.171
2019-01-07 22:00:00,108.116,108.505
2019-01-07 23:00:00,115.996,113.637
2019-01-08 00:00:00,101.252,108.282
2019-01-08 01:00:00,112.708,114.433
2019-01-08 02:00:00,112.595,108.854
2019-01-08 03:00:00,25.394,83.151
2019-01-08 04:00:00,29.984,72.298
2019-01-08 05:00:00,33.037,87.415
2019-01-08 06:00:00,34.577,87.764
2019-01-08 07:00:00,34.629,71.932
2019-01-08 08:00:00,36.824,71.713
2019-01-08 09:00:00,42.278,71.863
2019-01-08 10:00:00,45.709,71.799
2019-01-08 11:00:00,45.94,71.799
2019-01-08 12:00:00,348.703,306.554
2019-01-08 13:00:00,366.58,298.353
2019-01-08 14:00:00,370.113,337.64
2019-01-08 15:00:00,342.714,353.137
2019-01-08 16:00:00,334.244,337.168
2019-01-08 17:00:00,324.638,300.904
2019-01-08 18:00:00,300.041,286.323
2019-01-08 19:00:00,244.96,185.56
2019-01-08 20:00:00,138.162,135.946
2019-01-08 21:00:00,109.226,119.575
2019-01-08 22:00:00,102.329,105.747
2019-01-08 23:00:00,112.883,111.671
2019-01-09 00:00:00,95.778,105.092
2019-01-09 01:00:00,92.62,95.685
2019-01-09 02:00:00,101.557,96.214
2019-01-09 03:00:00,106.443,93.514
2019-01-09 04:00:00,111.992,96.821
2019-01-09 05:00:00,115.271,98.324
2019-01-09 06:00:00,115.147,97.964
2019-01-09 07:00:00,118.896,119.173
2019-01-09 08:00:00,116.86,94.699
2019-01-09 09:00:00,125.257,99.075
2019-01-09 10:00:00,122.215,89.629
2019-01-09 11:00:00,128.288,99.323
2019-01-09 12:00:00,128.18,106.502
2019-01-09 13:00:00,117.903,97.204
2019-01-09 14:00:00,111.29,101.019
2019-01-09 15:00:00,97.162,96.256
2019-01-09 16:00:00,88.139,99.195
2019-01-09 17:00:00,78.32,97.532
2019-01-09 18:00:00,78.213,94.537
2019-01-09 19:00:00,82.464,101.33
2019-01-09 20:00:00,80.94,94.346
2019-01-09 21:00:00,88.379,96.586
2019-01-09 22:00:00,90.569,95.473
2019-01-09 23:00:00,97.093,93.561
2019-01-10 00:00:00,88.706,96.892
2019-01-10 01:00:00,114.236,110.95
2019-01-10 02:00:00,112.444,107.527
2019-01-10 03:00:00,121.812,109.515
2019-01-10 04:00:00,121.469,104.609
2019-01-10 05:00:00,128.58,111.758
2019-01-10 06:00:00,128.671,112.959
2019-01-10 07:00:00,144.55,164.006
2019-01-10 08:00:00,388.908,303.192
2019-01-10 09:00:00,352.085,283.216
2019-01-10 10:00:00,379.798,304.816
2019-01-10 11:00:00,433.697,338.977
2019-01-10 12:00:00,451.135,381.889
2019-01-10 13:00:00,454.187,393.328
2019-01-10 14:00:00,459.169,413.187
2019-01-10 15:00:00,489.092,409.543
2019-01-10 16:00:00,445.555,411.46
2019-01-10 17:00:00,473.632,267.631
2019-01-10 18:00:00,447.326,352.429
2019-01-10 19:00:00,386.759,193.517
2019-01-10 20:00:00,199.379,178.654
2019-01-10 21:00:00,131.437,118.473
2019-01-10 22:00:00,115.39,109.555
2019-01-10 23:00:00,109.81,109.256
2019-01-11 00:00:00,99.909,108.652
2019-01-11 01:00:00,105.762,106.409
2019-01-11 02:00:00,109.827,102.74
2019-01-11 03:00:00,115.683,104.437
2019-01-11 04:00:00,119.277,104.496
2019-01-11 05:00:00,125.577,110.242
2019-01-11 06:00:00,123.913,105.489
2019-01-11 07:00:00,232.56,251.33
2019-01-11 08:00:00,210.725,239.681
2019-01-11 09:00:00,205.431,226.479
2019-01-11 10:00:00,194.373,227.238
2019-01-11 11:00:00,153.772,120.96
2019-01-11 12:00:00,154.076,126.128
2019-01-11 13:00:00,144.965,124.248
2019-01-11 14:00:00,137.036,123.336
2019-01-11 15:00:00,125.505,125.069
2019-01-11 16:00:00,116.914,128.489
2019-01-11 17:00:00,105.218,122.642
2019-01-11 18:00:00,108.145,122.375
2019-01-11 19:00:00,105.356,119.85
2019-01-11 20:00:00,99.172,114.748
2019-01-11 21:00:00,98.383,107.537
2019-01-11 22:00:00,100.132,117.764
2019-01-11 23:00:00,108.75,107.737
2019-01-12 00:00:00,94.86,103.722
2019-01-12 01:00:00,100.077,101.099
2019-01-12 02:00:00,106.405,100.738
2019-01-12 03:00:00,109.965,96.525
2019-01-12 04:00:00,114.874,98.184
2019-01-12 05:00:00,120.605,99.837
2019-01-12 06:00:00,118.344,100.108
2019-01-12 07:00:00,119.286,121.302
2019-01-12 08:00:00,126.049,106.843
2019-01-12 09:00:00,127.315,98.634
2019-01-12 10:00:00,129.594,98.708
2019-01-12 11:00:00,137.414,104.217
2019-01-12 12:00:00,129.08,101.777
2019-01-12 13:00:00,122.341,99.858
2019-01-12 14:00:00,116.468,105.3
2019-01-12 15:00:00,103.302,102.256
2019-01-12 16:00:00,90.45,100.668
2019-01-12 17:00:00,86.877,106.484
2019-01-12 18:00:00,79.348,94.258
2019-01-12 19:00:00,81.33,95.26
2019-01-12 20:00:00,85.345,99.68
2019-01-12 21:00:00,93.168,98.674
2019-01-12 22:00:00,93.014,94.629
2019-01-12 23:00:00,101.275,99.062
2019-01-13 00:00:00,92.02,102.806
2019-01-13 01:00:00,98.881,100.753
2019-01-13 02:00:00,103.86,96.065
2019-01-13 03:00:00,112.398,101.224
2019-01-13 04:00:00,115.084,97.78
2019-01-13 05:00:00,117.068,99.272
2019-01-13 06:00:00,119.995,100.333
2019-01-13 07:00:00,120.963,121.504
2019-01-13 08:00:00,122.604,101.062
2019-01-13 09:00:00,129.386,103.878
2019-01-13 10:00:00,135.774,103.843
2019-01-13 11:00:00,136.24,104.984
2019-01-13 12:00:00,135.131,107.19
2019-01-13 13:00:00,129.09,106.394
2019-01-13 14:00:00,121.3,109.444
2019-01-13 15:00:00,107.183,106.045
2019-01-13 16:00:00,94.731,107.51
2019-01-13 17:00:00,85.418,106.605
2019-01-13 18:00:00,90.04,110.007
2019-01-13 19:00:00,86.964,105.929
2019-01-13 20:00:00,89.858,104.658
2019-01-13 21:00:00,93.758,101.563
2019-01-13 22:00:00,103.871,104.272
2019-01-13 23:00:00,104.553,103.78
2019-01-14 00:00:00,92.487,102.597
2019-01-14 01:00:00,102.586,102.572
2019-01-14 02:00:00,106.888,101.329
2019-01-14 03:00:00,113.607,101.519
2019-01-14 04:00:00,115.935,100.832
2019-01-14 05:00:00,122.693,102.843
2019-01-14 06:00:00,122.9,107.238
2019-01-14 07:00:00,129.327,143.273
2019-01-14 08:00:00,173.768,202.059
2019-01-14 09:00:00,218.716,234.889
2019-01-14 10:00:00,245.525,263.467
2019-01-14 11:00:00,271.285,268.204
2019-01-14 12:00:00,320.598,316.559
2019-01-14 13:00:00,275.234,270.75
2019-01-14 14:00:00,279.32,304.567
2019-01-14 15:00:00,275.398,308.385
2019-01-14 16:00:00,268.145,293.404
2019-01-14 17:00:00,248.527,255.948
2019-01-14 18:00:00,225.709,224.846
2019-01-14 19:00:00,190.696,189.439
2019-01-14 20:00:00,149.36,147.442
2019-01-14 21:00:00,137.366,123.427
2019-01-14 22:00:00,118.496,114.19
2019-01-14 23:00:00,113.111,106.165
2019-01-15 00:00:00,102.263,110.109
2019-01-15 01:00:00,103.783,103.833
2019-01-15 02:00:00,108.703,103.026
2019-01-15 03:00:00,116.641,106.208
2019-01-15 04:00:00,118.296,101.099
2019-01-15 05:00:00,121.673,103.729
2019-01-15 06:00:00,127.233,110.909
2019-01-15 07:00:00,129.044,140.88
2019-01-15 08:00:00,165.737,190.73
2019-01-15 09:00:00,215.344,239.495
2019-01-15 10:00:00,241.536,265.853
2019-01-15 11:00:00,274.351,276.524
2019-01-15 12:00:00,335.583,316.829
2019-01-15 13:00:00,278.198,289.831
2019-01-15 14:00:00,289.454,312.894
2019-01-15 15:00:00,270.656,297.006
2019-01-15 16:00:00,265.314,294.863
2019-01-15 17:00:00,238.696,263.478
2019-01-15 18:00:00,232.985,222.041
2019-01-15 19:00:00,199.141,190.334
2019-01-15 20:00:00,154.217,149.092
2019-01-15 21:00:00,138.023,121.791
2019-01-15 22:00:00,117.817,112.058
2019-01-15 23:00:00,109.398,107.422
2019-01-16 00:00:00,98.529,107.412
2019-01-16 01:00:00,100.844,100.977
2019-01-16 02:00:00,107.841,101.798
2019-01-16 03:00:00,116.014,104.607
2019-01-16 04:00:00,118.576,103.148
2019-01-16 05:00:00,122.319,103.809
2019-01-16 06:00:00,119.11,104.136
2019-01-16 07:00:00,129.007,144.367
2019-01-16 08:00:00,168.343,196.181
2019-01-16 09:00:00,199.101,229.806
2019-01-16 10:00:00,236.437,269.749
2019-01-16 11:00:00,261.892,275.83
2019-01-16 12:00:00,319.696,311.353
2019-01-16 13:00:00,281.418,288.841
2019-01-16 14:00:00,287.723,313.422
2019-01-16 15:00:00,256.467,291.551
2019-01-16 16:00:00,260.922,290.659
2019-01-16 17:00:00,245.011,261.92
2019-01-16 18:00:00,231.565,225.195
2019-01-16 19:00:00,195.498,182.932
2019-01-16 20:00:00,159.1,150.038
2019-01-16 21:00:00,141.288,124.12
2019-01-16 22:00:00,116.015,112.321
2019-01-16 23:00:00,114.671,105.135
2019-01-17 00:00:00,102.531,109.108
2019-01-17 01:00:00,109.911,109.273
2019-01-17 02:00:00,112.723,107.664
2019-01-17 03:00:00,117.759,105.573
2019-01-17 04:00:00,124.872,108.512
2019-01-17 05:00:00,125.149,111.408
2019-01-17 06:00:00,125.613,109.524
2019-01-17 07:00:00,133.506,150.608
2019-01-17 08:00:00,171.492,189.065
2019-01-17 09:00:00,215.045,238.132
2019-01-17 10:00:00,250.04,268.115
2019-01-17 11:00:00,276.539,284.088
2019-01-17 12:00:00,338.472,318.158
2019-01-17 13:00:00,282.317,270.321
2019-01-17 14:00:00,287.758,298.26
2019-01-17 15:00:00,275.354,286.469
2019-01-17 16:00:00,270.936,295.906
2019-01-17 17:00:00,240.095,260.607
2019-01-17 18:00:00,222.362,259.88
2019-01-17 19:00:00,195.87,189.924
2019-01-17 20:00:00,149.476,148.301
2019-01-17 21:00:00,139.58,123.441
2019-01-17 22:00:00,117.184,111.263
2019-01-17 23:00:00,115.797,106.269
2019-01-18 00:00:00,94.181,103.163
2019-01-18 01:00:00,103.639,104.975
2019-01-18 02:00:00,113.363,106.864
2019-01-18 03:00:00,115.262,105.14
2019-01-18 04:00:00,124.275,108.897
2019-01-18 05:00:00,120.786,102.64
2019-01-18 06:00:00,124.016,106.464
2019-01-18 07:00:00,131.353,147.58
2019-01-18 08:00:00,166.904,192.219
2019-01-18 09:00:00,214.942,237.157
2019-01-18 10:00:00,249.824,269.12
2019-01-18 11:00:00,272.626,282.438
2019-01-18 12:00:00,330.303,321.883
2019-01-18 13:00:00,272.059,275.686
2019-01-18 14:00:00,269.765,298.78
2019-01-18 15:00:00,259.524,290.85
2019-01-18 16:00:00,252.036,281.0
2019-01-18 17:00:00,229.828,253.084
2019-01-18 18:00:00,211.91,221.06
2019-01-18 19:00:00,186.6,184.715
2019-01-18 20:00:00,136.937,136.633
2019-01-18 21:00:00,126.576,121.615
2019-01-18 22:00:00,110.406,109.666
2019-01-18 23:00:00,110.264,108.075
2019-01-19 00:00:00,96.629,105.323
2019-01-19 01:00:00,104.929,104.448
2019-01-19 02:00:00,107.475,101.144
2019-01-19 03:00:00,113.019,101.166
2019-01-19 04:00:00,119.021,104.164
2019-01-19 05:00:00,118.621,101.14
2019-01-19 06:00:00,123.07,105.783
2019-01-19 07:00:00,120.3,118.119
2019-01-19 08:00:00,128.189,123.693
2019-01-19 09:00:00,133.493,135.589
2019-01-19 10:00:00,140.636,118.894
2019-01-19 11:00:00,137.068,118.931
2019-01-19 12:00:00,129.398,124.924
2019-01-19 13:00:00,118.332,117.915
2019-01-19 14:00:00,110.552,118.225
2019-01-19 15:00:00,106.412,120.066
2019-01-19 16:00:00,104.434,121.325
2019-01-19 17:00:00,101.387,119.657
2019-01-19 18:00:00,99.417,120.622
2019-01-19 19:00:00,100.245,116.433
2019-01-19 20:00:00,98.858,112.49
2019-01-19 21:00:00,102.293,102.112
2019-01-19 22:00:00,100.246,104.493
2019-01-19 23:00:00,103.836,102.09
2019-01-20 00:00:00,93.035,101.37
2019-01-20 01:00:00,97.647,124.272
2019-01-20 02:00:00,105.842,101.092
2019-01-20 03:00:00,109.219,97.648
2019-01-20 04:00:00,112.696,96.036
2019-01-20 05:00:00,118.543,102.556
2019-01-20 06:00:00,119.112,102.365
2019-01-20 07:00:00,119.689,112.066
2019-01-20 08:00:00,121.676,100.782
2019-01-20 09:00:00,130.422,104.848
2019-01-20 10:00:00,128.343,102.53
2019-01-20 11:00:00,132.264,104.608
2019-01-20 12:00:00,134.014,106.071
2019-01-20 13:00:00,127.644,110.117
2019-01-20 14:00:00,117.525,106.551
2019-01-20 15:00:00,110.109,107.285
2019-01-20 16:00:00,98.406,107.835
2019-01-20 17:00:00,85.118,106.207
2019-01-20 18:00:00,84.462,104.007
2019-01-20 19:00:00,85.727,103.532
2019-01-20 20:00:00,93.087,106.45
2019-01-20 21:00:00,93.709,101.369
2019-01-20 22:00:00,96.167,100.731
2019-01-20 23:00:00,105.307,102.07
2019-01-21 00:00:00,96.827,106.055
2019-01-21 01:00:00,99.288,100.221
2019-01-21 02:00:00,105.297,99.688
2019-01-21 03:00:00,114.095,103.547
2019-01-21 04:00:00,116.171,100.487
2019-01-21 05:00:00,118.579,103.495
2019-01-21 06:00:00,123.395,105.07
2019-01-21 07:00:00,124.655,129.985
2019-01-21 08:00:00,165.02,188.639
2019-01-21 09:00:00,204.945,226.306
2019-01-21 10:00:00,251.507,265.726
2019-01-21 11:00:00,273.833,272.07
2019-01-21 12:00:00,336.242,322.099
2019-01-21 13:00:00,294.148,308.605
2019-01-21 14:00:00,284.935,305.729
2019-01-21 15:00:00,276.191,287.514
2019-01-21 16:00:00,267.089,286.87
2019-01-21 17:00:00,238.611,258.072
2019-01-21 18:00:00,230.657,227.226
2019-01-21 19:00:00,188.872,186.098
2019-01-21 20:00:00,155.072,148.665
2019-01-21 21:00:00,133.026,115.698
2019-01-21 22:00:00,115.223,111.32
2019-01-21 23:00:00,109.508,108.118
2019-01-22 00:00:00,97.344,103.404
2019-01-22 01:00:00,107.491,108.405
2019-01-22 02:00:00,109.871,113.209
2019-01-22 03:00:00,117.834,106.203
2019-01-22 04:00:00,117.153,102.147
2019-01-22 05:00:00,123.231,102.877
2019-01-22 06:00:00,123.506,109.106
2019-01-22 07:00:00,127.754,151.142
2019-01-22 08:00:00,171.881,201.419
2019-01-22 09:00:00,217.693,235.276
2019-01-22 10:00:00,242.249,266.543
2019-01-22 11:00:00,270.853,278.119
2019-01-22 12:00:00,318.399,316.041
2019-01-22 13:00:00,273.48,278.255
2019-01-22 14:00:00,288.993,318.108
2019-01-22 15:00:00,267.301,291.985
2019-01-22 16:00:00,268.187,298.358
2019-01-22 17:00:00,240.263,263.233
2019-01-22 18:00:00,237.756,222.344
2019-01-22 19:00:00,189.87,188.008
2019-01-22 20:00:00,152.359,145.231
2019-01-22 21:00:00,132.635,117.593
2019-01-22 22:00:00,114.495,112.024
2019-01-22 23:00:00,115.181,112.497
2019-01-23 00:00:00,104.723,113.515
2019-01-23 01:00:00,111.186,108.254
2019-01-23 02:00:00,113.813,108.169
2019-01-23 03:00:00,120.204,107.549
2019-01-23 04:00:00,120.952,103.497
2019-01-23 05:00:00,123.043,101.71
2019-01-23 06:00:00,125.892,112.27
2019-01-23 07:00:00,128.286,137.638
2019-01-23 08:00:00,170.405,202.18
2019-01-23 09:00:00,207.847,235.6
2019-01-23 10:00:00,237.489,260.83
2019-01-23 11:00:00,263.243,277.261
2019-01-23 12:00:00,336.188,313.885
2019-01-23 13:00:00,281.212,293.053
2019-01-23 14:00:00,275.34,302.895
2019-01-23 15:00:00,269.825,299.835
2019-01-23 16:00:00,244.355,277.005
2019-01-23 17:00:00,220.686,245.873
2019-01-23 18:00:00,218.034,221.45
2019-01-23 19:00:00,197.568,183.103
2019-01-23 20:00:00,165.121,154.069
2019-01-23 21:00:00,137.969,123.415
2019-01-23 22:00:00,120.658,110.4
2019-01-23 23:00:00,117.606,108.3
2019-01-24 00:00:00,107.049,111.37
2019-01-24 01:00:00,110.664,110.105
2019-01-24 02:00:00,119.868,110.955
2019-01-24 03:00:00,122.702,108.755
2019-01-24 04:00:00,125.426,107.488
2019-01-24 05:00:00,125.079,107.517
2019-01-24 06:00:00,125.593,111.16
2019-01-24 07:00:00,129.289,141.543
2019-01-24 08:00:00,170.174,201.147
2019-01-24 09:00:00,204.37,226.816
2019-01-24 10:00:00,233.822,254.998
2019-01-24 11:00:00,267.62,264.263
2019-01-24 12:00:00,324.324,323.013
2019-01-24 13:00:00,272.226,280.285
2019-01-24 14:00:00,255.761,272.774
2019-01-24 15:00:00,273.186,288.552
2019-01-24 16:00:00,250.854,278.251
2019-01-24 17:00:00,219.919,240.968
2019-01-24 18:00:00,212.645,215.431
2019-01-24 19:00:00,183.361,177.572
2019-01-24 20:00:00,153.08,146.957
2019-01-24 21:00:00,133.415,120.971
2019-01-24 22:00:00,114.007,110.043
2019-01-24 23:00:00,115.698,105.435
2019-01-25 00:00:00,99.245,107.628
2019-01-25 01:00:00,107.073,105.941
2019-01-25 02:00:00,107.694,103.764
2019-01-25 03:00:00,114.585,102.978
2019-01-25 04:00:00,122.337,105.026
2019-01-25 05:00:00,123.135,98.607
2019-01-25 06:00:00,125.681,111.172
2019-01-25 07:00:00,132.466,150.984
2019-01-25 08:00:00,168.455,193.184
2019-01-25 09:00:00,208.517,226.405
2019-01-25 10:00:00,229.437,274.824
2019-01-25 11:00:00,256.938,256.919
2019-01-25 12:00:00,316.995,328.708
2019-01-25 13:00:00,284.038,290.807
2019-01-25 14:00:00,242.617,258.035
2019-01-25 15:00:00,263.608,298.327
2019-01-25 16:00:00,239.232,264.473
2019-01-25 17:00:00,218.591,237.486
2019-01-25 18:00:00,191.868,202.767
2019-01-25 19:00:00,176.732,169.582
2019-01-25 20:00:00,131.315,128.896
2019-01-25 21:00:00,113.485,112.756
2019-01-25 22:00:00,109.513,107.156
2019-01-25 23:00:00,104.26,100.107
2019-01-26 00:00:00,96.774,105.903
2019-01-26 01:00:00,101.923,103.298
2019-01-26 02:00:00,107.545,102.137
2019-01-26 03:00:00,115.006,105.914
2019-01-26 04:00:00,116.842,102.261
2019-01-26 05:00:00,117.991,100.955
2019-01-26 06:00:00,121.181,106.077
2019-01-26 07:00:00,119.097,106.627
2019-01-26 08:00:00,133.822,119.996
2019-01-26 09:00:00,140.453,115.637
2019-01-26 10:00:00,145.066,118.224
2019-01-26 11:00:00,146.253,122.408
2019-01-26 12:00:00,140.548,110.757
2019-01-26 13:00:00,134.174,108.609
2019-01-26 14:00:00,130.694,113.735
2019-01-26 15:00:00,117.583,115.011
2019-01-26 16:00:00,111.594,117.839
2019-01-26 17:00:00,98.869,119.837
2019-01-26 18:00:00,97.995,114.335
2019-01-26 19:00:00,99.618,117.661
2019-01-26 20:00:00,97.379,111.765
2019-01-26 21:00:00,102.102,103.539
2019-01-26 22:00:00,100.459,104.358
2019-01-26 23:00:00,102.243,100.11
2019-01-27 00:00:00,90.858,98.349
2019-01-27 01:00:00,102.758,102.728
2019-01-27 02:00:00,105.955,100.156
2019-01-27 03:00:00,109.179,96.664
2019-01-27 04:00:00,114.575,98.848
2019-01-27 05:00:00,119.766,100.205
2019-01-27 06:00:00,118.444,106.285
2019-01-27 07:00:00,118.303,110.964
2019-01-27 08:00:00,122.55,101.105
2019-01-27 09:00:00,122.355,98.433
2019-01-27 10:00:00,124.978,102.547
2019-01-27 11:00:00,117.884,104.318
2019-01-27 12:00:00,115.392,105.561
2019-01-27 13:00:00,111.356,101.341
2019-01-27 14:00:00,109.639,102.171
2019-01-27 15:00:00,104.633,107.376
2019-01-27 16:00:00,93.149,109.534
2019-01-27 17:00:00,86.718,105.704
2019-01-27 18:00:00,89.201,105.814
2019-01-27 19:00:00,90.968,106.237
2019-01-27 20:00:00,89.572,102.856
2019-01-27 21:00:00,94.172,103.252
2019-01-27 22:00:00,100.051,115.807
2019-01-27 23:00:00,102.597,100.95
2019-01-28 00:00:00,92.213,100.665
2019-01-28 01:00:00,99.438,101.29
2019-01-28 02:00:00,104.084,97.253
2019-01-28 03:00:00,108.67,98.173
2019-01-28 04:00:00,115.428,99.832
2019-01-28 05:00:00,123.389,101.287
2019-01-28 06:00:00,119.156,102.432
2019-01-28 07:00:00,122.341,120.644
2019-01-28 08:00:00,170.345,183.925
2019-01-28 09:00:00,207.189,239.693
2019-01-28 10:00:00,230.393,268.242
2019-01-28 11:00:00,275.505,289.067
2019-01-28 12:00:00,336.122,301.311
2019-01-28 13:00:00,271.831,290.673
2019-01-28 14:00:00,274.574,298.475
2019-01-28 15:00:00,269.318,299.6
2019-01-28 16:00:00,256.291,285.975
2019-01-28 17:00:00,237.852,258.778
2019-01-28 18:00:00,215.26,225.03
2019-01-28 19:00:00,193.562,181.604
2019-01-28 20:00:00,147.079,145.807
2019-01-28 21:00:00,124.614,120.051
2019-01-28 22:00:00,114.437,108.749
2019-01-28 23:00:00,110.684,108.204
2019-01-29 00:00:00,98.118,107.02
2019-01-29 01:00:00,107.03,107.873
2019-01-29 02:00:00,110.918,104.009
2019-01-29 03:00:00,115.997,106.24
2019-01-29 04:00:00,121.746,105.781
2019-01-29 05:00:00,123.026,102.952
2019-01-29 06:00:00,125.624,108.785
2019-01-29 07:00:00,134.171,149.638
2019-01-29 08:00:00,161.732,179.574
2019-01-29 09:00:00,204.363,229.02
2019-01-29 10:00:00,233.257,255.658
2019-01-29 11:00:00,257.323,263.502
2019-01-29 12:00:00,319.561,316.536
2019-01-29 13:00:00,285.928,294.844
2019-01-29 14:00:00,256.586,281.678
2019-01-29 15:00:00,283.545,310.913
2019-01-29 16:00:00,251.934,277.308
2019-01-29 17:00:00,244.133,261.076
2019-01-29 18:00:00,229.367,227.236
2019-01-29 19:00:00,198.269,190.469
2019-01-29 20:00:00,143.852,139.805
2019-01-29 21:00:00,134.046,120.61
2019-01-29 22:00:00,112.949,114.01
2019-01-29 23:00:00,112.733,107.395
2019-01-30 00:00:00,102.268,108.477
2019-01-30 01:00:00,107.857,107.841
2019-01-30 02:00:00,116.476,108.495
2019-01-30 03:00:00,117.676,107.702
2019-01-30 04:00:00,121.944,105.435
2019-01-30 05:00:00,124.929,105.309
2019-01-30 06:00:00,127.624,109.623
2019-01-30 07:00:00,131.1,147.038
2019-01-30 08:00:00,167.605,188.217
2019-01-30 09:00:00,202.643,232.597
2019-01-30 10:00:00,219.565,252.062
2019-01-30 11:00:00,245.557,266.015
2019-01-30 12:00:00,325.604,309.965
2019-01-30 13:00:00,280.497,291.564
2019-01-30 14:00:00,267.772,303.268
2019-01-30 15:00:00,276.625,316.203
2019-01-30 16:00:00,248.031,277.128
2019-01-30 17:00:00,237.092,256.43
2019-01-30 18:00:00,209.573,211.796
2019-01-30 19:00:00,189.265,179.054
2019-01-30 20:00:00,149.289,146.044
2019-01-30 21:00:00,129.995,118.676
2019-01-30 22:00:00,110.749,111.269
2019-01-30 23:00:00,107.65,105.877
2019-01-31 00:00:00,94.323,103.337
2019-01-31 01:00:00,102.187,102.639
2019-01-31 02:00:00,104.993,99.444
2019-01-31 03:00:00,111.778,100.941
2019-01-31 04:00:00,118.323,101.088
2019-01-31 05:00:00,117.721,99.123
2019-01-31 06:00:00,119.486,102.802
2019-01-31 07:00:00,130.697,143.627
2019-01-31 08:00:00,159.732,193.285
2019-01-31 09:00:00,203.733,228.229
2019-01-31 10:00:00,232.957,269.583
2019-01-31 11:00:00,250.113,262.886
2019-01-31 12:00:00,313.183,308.538
2019-01-31 13:00:00,270.992,276.913
2019-01-31 14:00:00,244.477,276.783
2019-01-31 15:00:00,258.937,295.841
2019-01-31 16:00:00,249.964,280.828
2019-01-31 17:00:00,232.968,267.141
2019-01-31 18:00:00,220.243,226.435
2019-01-31 19:00:00,188.287,188.475
2019-01-31 20:00:00,146.811,141.756
2019-01-31 21:00:00,131.443,117.79
2019-01-31 22:00:00,115.032,111.209
2019-01-31 23:00:00,112.322,109.89
2019-02-01 00:00:00,98.087,106.945
2019-02-01 01:00:00,89.063,87.947
2019-02-01 02:00:00,97.887,92.484
2019-02-01 03:00:00,100.845,88.856
2019-02-01 04:00:00,105.433,87.968
2019-02-01 05:00:00,109.911,93.297
2019-02-01 06:00:00,110.855,88.982
2019-02-01 07:00:00,112.665,97.641
2019-02-01 08:00:00,151.471,184.657
2019-02-01 09:00:00,179.837,205.577
2019-02-01 10:00:00,197.049,207.647
2019-02-01 11:00:00,212.527,208.561
2019-02-01 12:00:00,219.404,202.399
2019-02-01 13:00:00,212.975,194.015
2019-02-01 14:00:00,208.533,202.97
2019-02-01 15:00:00,205.518,212.043
2019-02-01 16:00:00,192.8,218.775
2019-02-01 17:00:00,180.981,193.916
2019-02-01 18:00:00,171.923,178.985
2019-02-01 19:00:00,150.651,152.797
2019-02-01 20:00:00,119.894,123.57
2019-02-01 21:00:00,114.19,112.547
2019-02-01 22:00:00,106.69,107.622
2019-02-01 23:00:00,102.407,101.856
2019-02-02 00:00:00,93.188,101.118
2019-02-02 01:00:00,102.026,102.893
2019-02-02 02:00:00,108.349,103.201
2019-02-02 03:00:00,116.759,104.784
2019-02-02 04:00:00,117.588,101.029
2019-02-02 05:00:00,125.613,109.472
2019-02-02 06:00:00,121.566,105.847
2019-02-02 07:00:00,120.513,119.881
2019-02-02 08:00:00,139.399,138.427
2019-02-02 09:00:00,139.799,114.124
2019-02-02 10:00:00,141.825,113.672
2019-02-02 11:00:00,135.998,111.444
2019-02-02 12:00:00,140.342,120.06
2019-02-02 13:00:00,137.608,117.635
2019-02-02 14:00:00,129.694,116.573
2019-02-02 15:00:00,117.43,118.586
2019-02-02 16:00:00,114.774,120.106
2019-02-02 17:00:00,103.211,122.298
2019-02-02 18:00:00,104.549,120.908
2019-02-02 19:00:00,101.718,118.767
2019-02-02 20:00:00,107.845,119.807
2019-02-02 21:00:00,111.005,111.646
2019-02-02 22:00:00,102.549,106.801
2019-02-02 23:00:00,111.372,109.628
2019-02-03 00:00:00,97.501,105.43
2019-02-03 01:00:00,112.596,110.237
2019-02-03 02:00:00,115.611,111.388
2019-02-03 03:00:00,124.092,109.428
2019-02-03 04:00:00,123.073,107.736
2019-02-03 05:00:00,129.582,112.098
2019-02-03 06:00:00,127.621,110.236
2019-02-03 07:00:00,127.826,133.188
2019-02-03 08:00:00,141.755,131.955
2019-02-03 09:00:00,150.924,129.674
2019-02-03 10:00:00,158.0,141.628
2019-02-03 11:00:00,157.452,132.25
2019-02-03 12:00:00,154.955,124.466
2019-02-03 13:00:00,150.553,125.696
2019-02-03 14:00:00,139.573,123.469
2019-02-03 15:00:00,130.933,124.429
2019-02-03 16:00:00,121.864,127.797
2019-02-03 17:00:00,108.139,124.186
2019-02-03 18:00:00,103.535,119.28
2019-02-03 19:00:00,108.454,122.538
2019-02-03 20:00:00,101.813,118.297
2019-02-03 21:00:00,103.152,105.864
2019-02-03 22:00:00,101.215,105.262
2019-02-03 23:00:00,104.626,101.486
2019-02-04 00:00:00,93.818,103.257
2019-02-04 01:00:00,109.199,110.742
2019-02-04 02:00:00,112.611,107.906
2019-02-04 03:00:00,118.633,109.675
2019-02-04 04:00:00,124.934,109.167
2019-02-04 05:00:00,125.581,110.513
2019-02-04 06:00:00,132.454,114.5
2019-02-04 07:00:00,135.637,151.048
2019-02-04 08:00:00,163.22,193.178
2019-02-04 09:00:00,212.335,227.82
2019-02-04 10:00:00,251.775,261.841
2019-02-04 11:00:00,383.559,301.893
2019-02-04 12:00:00,328.504,325.966
2019-02-04 13:00:00,327.243,324.935
2019-02-04 14:00:00,298.908,311.023
2019-02-04 15:00:00,308.99,319.921
2019-02-04 16:00:00,325.344,298.777
2019-02-04 17:00:00,308.137,287.58
2019-02-04 18:00:00,274.823,238.681
2019-02-04 19:00:00,229.715,184.749
2019-02-04 20:00:00,175.66,154.264
2019-02-04 21:00:00,133.302,123.426
2019-02-04 22:00:00,125.229,113.961
2019-02-04 23:00:00,117.807,116.997
2019-02-05 00:00:00,102.971,111.356
2019-02-05 01:00:00,106.647,107.942
2019-02-05 02:00:00,109.706,103.693
2019-02-05 03:00:00,115.089,104.496
2019-02-05 04:00:00,122.807,108.071
2019-02-05 05:00:00,122.28,106.133
2019-02-05 06:00:00,124.332,105.531
2019-02-05 07:00:00,140.771,158.662
2019-02-05 08:00:00,169.828,201.214
2019-02-05 09:00:00,205.673,222.141
2019-02-05 10:00:00,255.294,262.673
2019-02-05 11:00:00,376.493,294.708
2019-02-05 12:00:00,335.543,327.677
2019-02-05 13:00:00,332.312,333.108
2019-02-05 14:00:00,325.335,338.49
2019-02-05 15:00:00,341.004,372.185
2019-02-05 16:00:00,339.822,361.555
2019-02-05 17:00:00,349.635,361.641
2019-02-05 18:00:00,300.719,295.377
2019-02-05 19:00:00,278.892,182.627
2019-02-05 20:00:00,178.054,154.113
2019-02-05 21:00:00,142.162,127.782
2019-02-05 22:00:00,127.843,121.383
2019-02-05 23:00:00,110.183,107.724
2019-02-06 00:00:00,95.902,103.885
2019-02-06 01:00:00,13.359,71.822
2019-02-06 02:00:00,19.75,71.822
2019-02-06 03:00:00,25.422,71.885
2019-02-06 04:00:00,29.914,74.561
2019-02-06 05:00:00,33.104,71.691
2019-02-06 06:00:00,34.743,72.122
2019-02-06 07:00:00,35.108,71.66
2019-02-06 08:00:00,37.558,71.713
2019-02-06 09:00:00,42.374,71.863
2019-02-06 10:00:00,46.565,71.799
2019-02-06 11:00:00,51.252,61.257
2019-02-06 12:00:00,48.434,61.257
2019-02-06 13:00:00,40.922,61.257
2019-02-06 14:00:00,31.978,61.257
2019-02-06 15:00:00,19.315,61.257
2019-02-06 16:00:00,7.542,61.257
2019-02-06 17:00:00,-2.592,61.257
2019-02-06 18:00:00,-5.249,62.037
2019-02-06 19:00:00,-3.665,69.568
2019-02-06 20:00:00,-0.429,65.719
2019-02-06 21:00:00,102.66,107.271
2019-02-06 22:00:00,105.806,103.356
2019-02-06 23:00:00,112.405,106.143
2019-02-07 00:00:00,100.423,108.867
2019-02-07 01:00:00,111.273,108.242
2019-02-07 02:00:00,113.705,108.781
2019-02-07 03:00:00,119.156,107.668
2019-02-07 04:00:00,122.203,106.027
2019-02-07 05:00:00,127.555,111.73
2019-02-07 06:00:00,127.002,111.592
2019-02-07 07:00:00,136.901,149.579
2019-02-07 08:00:00,289.701,232.553
2019-02-07 09:00:00,347.56,284.356
2019-02-07 10:00:00,373.867,293.563
2019-02-07 11:00:00,410.393,330.817
2019-02-07 12:00:00,389.171,323.21
2019-02-07 13:00:00,400.951,333.826
2019-02-07 14:00:00,373.16,341.837
2019-02-07 15:00:00,367.75,348.057
2019-02-07 16:00:00,331.979,324.991
2019-02-07 17:00:00,336.586,317.286
2019-02-07 18:00:00,322.878,308.995
2019-02-07 19:00:00,301.011,185.246
2019-02-07 20:00:00,163.995,152.128
2019-02-07 21:00:00,129.475,120.19
2019-02-07 22:00:00,105.547,104.282
2019-02-07 23:00:00,109.747,106.52
2019-02-08 00:00:00,98.67,107.058
2019-02-08 01:00:00,104.79,105.947
2019-02-08 02:00:00,111.121,106.094
2019-02-08 03:00:00,113.095,100.527
2019-02-08 04:00:00,115.487,100.848
2019-02-08 05:00:00,123.464,101.423
2019-02-08 06:00:00,125.276,110.14
2019-02-08 07:00:00,126.296,128.613
2019-02-08 08:00:00,339.218,282.646
2019-02-08 09:00:00,257.536,268.509
2019-02-08 10:00:00,272.372,303.795
2019-02-08 11:00:00,307.104,315.132
2019-02-08 12:00:00,318.136,326.87
2019-02-08 13:00:00,330.402,321.123
2019-02-08 14:00:00,325.443,344.039
2019-02-08 15:00:00,338.182,333.579
2019-02-08 16:00:00,310.01,337.41
2019-02-08 17:00:00,292.34,281.862
2019-02-08 18:00:00,260.211,230.503
2019-02-08 19:00:00,231.441,191.956
2019-02-08 20:00:00,115.195,122.656
2019-02-08 21:00:00,94.04,101.902
2019-02-08 22:00:00,85.556,87.856
2019-02-08 23:00:00,92.541,89.222
2019-02-09 00:00:00,82.065,87.81
2019-02-09 01:00:00,95.434,97.708
2019-02-09 02:00:00,102.786,97.752
2019-02-09 03:00:00,106.367,93.98
2019-02-09 04:00:00,111.784,96.778
2019-02-09 05:00:00,115.434,99.074
2019-02-09 06:00:00,116.061,102.155
2019-02-09 07:00:00,123.583,131.791
2019-02-09 08:00:00,369.522,288.594
2019-02-09 09:00:00,323.537,270.123
2019-02-09 10:00:00,357.345,297.042
2019-02-09 11:00:00,391.9,309.702
2019-02-09 12:00:00,450.261,389.648
2019-02-09 13:00:00,454.846,398.19
2019-02-09 14:00:00,436.699,408.924
2019-02-09 15:00:00,439.514,418.532
2019-02-09 16:00:00,442.809,416.148
2019-02-09 17:00:00,414.32,276.063
2019-02-09 18:00:00,411.452,353.405
2019-02-09 19:00:00,383.258,198.02
2019-02-09 20:00:00,159.266,153.107
2019-02-09 21:00:00,116.819,113.996
2019-02-09 22:00:00,101.119,105.026
2019-02-09 23:00:00,110.913,107.868
2019-02-10 00:00:00,98.136,109.279
2019-02-10 01:00:00,106.879,106.274
2019-02-10 02:00:00,110.412,103.258
2019-02-10 03:00:00,120.064,105.966
2019-02-10 04:00:00,119.469,104.218
2019-02-10 05:00:00,125.612,108.325
2019-02-10 06:00:00,132.928,114.902
2019-02-10 07:00:00,139.698,156.632
2019-02-10 08:00:00,378.023,298.256
2019-02-10 09:00:00,322.795,277.45
2019-02-10 10:00:00,368.784,303.226
2019-02-10 11:00:00,401.884,344.373
2019-02-10 12:00:00,403.829,337.298
2019-02-10 13:00:00,401.351,348.911
2019-02-10 14:00:00,409.144,389.572
2019-02-10 15:00:00,412.427,346.426
2019-02-10 16:00:00,421.003,268.954
2019-02-10 17:00:00,407.349,285.349
2019-02-10 18:00:00,387.229,316.66
2019-02-10 19:00:00,350.736,172.366
2019-02-10 20:00:00,197.536,182.513
2019-02-10 21:00:00,126.221,118.633
2019-02-10 22:00:00,112.232,112.083
2019-02-10 23:00:00,114.662,106.031
2019-02-11 00:00:00,105.864,113.081
2019-02-11 01:00:00,103.756,130.216
2019-02-11 02:00:00,106.456,100.353
2019-02-11 03:00:00,113.525,101.838
2019-02-11 04:00:00,121.339,105.14
2019-02-11 05:00:00,122.806,102.725
2019-02-11 06:00:00,125.723,110.141
2019-02-11 07:00:00,133.854,164.648
2019-02-11 08:00:00,140.786,126.424
2019-02-11 09:00:00,152.021,179.996
2019-02-11 10:00:00,168.633,171.552
2019-02-11 11:00:00,180.212,148.439
2019-02-11 12:00:00,168.373,131.904
2019-02-11 13:00:00,164.523,139.229
2019-02-11 14:00:00,144.339,128.528
2019-02-11 15:00:00,127.783,123.759
2019-02-11 16:00:00,116.126,119.56
2019-02-11 17:00:00,100.728,117.404
2019-02-11 18:00:00,102.661,118.417
2019-02-11 19:00:00,100.377,118.453
2019-02-11 20:00:00,100.964,115.774
2019-02-11 21:00:00,97.995,104.139
2019-02-11 22:00:00,101.57,105.465
2019-02-11 23:00:00,109.991,106.094
2019-02-12 00:00:00,98.749,107.754
2019-02-12 01:00:00,96.979,96.712
2019-02-12 02:00:00,104.686,100.117
2019-02-12 03:00:00,112.437,104.616
2019-02-12 04:00:00,114.752,99.027
2019-02-12 05:00:00,118.029,100.453
2019-02-12 06:00:00,123.334,106.578
2019-02-12 07:00:00,152.497,197.623
2019-02-12 08:00:00,189.914,203.283
2019-02-12 09:00:00,231.503,248.646
2019-02-12 10:00:00,360.626,298.145
2019-02-12 11:00:00,321.192,320.673
2019-02-12 12:00:00,324.324,315.884
2019-02-12 13:00:00,331.877,327.262
2019-02-12 14:00:00,309.907,333.603
2019-02-12 15:00:00,308.668,352.033
2019-02-12 16:00:00,288.864,313.795
2019-02-12 17:00:00,254.233,254.187
2019-02-12 18:00:00,219.731,292.198
2019-02-12 19:00:00,195.7,182.549
2019-02-12 20:00:00,144.712,140.147
2019-02-12 21:00:00,122.965,116.903
2019-02-12 22:00:00,110.094,109.857
2019-02-12 23:00:00,114.981,112.683
2019-02-13 00:00:00,101.834,106.914
2019-02-13 01:00:00,108.239,105.371
2019-02-13 02:00:00,112.375,105.897
2019-02-13 03:00:00,118.133,108.589
2019-02-13 04:00:00,124.924,108.923
2019-02-13 05:00:00,124.8,106.604
2019-02-13 06:00:00,127.154,110.604
2019-02-13 07:00:00,132.7,136.859
2019-02-13 08:00:00,178.199,208.574
2019-02-13 09:00:00,223.716,235.111
2019-02-13 10:00:00,261.124,266.589
2019-02-13 11:00:00,266.219,253.863
2019-02-13 12:00:00,338.363,328.757
2019-02-13 13:00:00,294.109,292.329
2019-02-13 14:00:00,275.468,293.575
2019-02-13 15:00:00,270.989,294.731
2019-02-13 16:00:00,249.955,282.125
2019-02-13 17:00:00,214.956,235.717
2019-02-13 18:00:00,203.059,207.601
2019-02-13 19:00:00,177.885,162.584
2019-02-13 20:00:00,143.223,132.148
2019-02-13 21:00:00,127.374,122.817
2019-02-13 22:00:00,111.682,107.804
2019-02-13 23:00:00,113.55,111.157
2019-02-14 00:00:00,100.16,108.024
2019-02-14 01:00:00,106.829,108.563
2019-02-14 02:00:00,111.146,105.522
2019-02-14 03:00:00,117.803,107.376
2019-02-14 04:00:00,123.2,111.782
2019-02-14 05:00:00,125.342,110.005
2019-02-14 06:00:00,129.311,111.152
2019-02-14 07:00:00,128.868,130.298
2019-02-14 08:00:00,177.643,204.19
2019-02-14 09:00:00,225.767,252.503
2019-02-14 10:00:00,249.953,255.82
2019-02-14 11:00:00,276.279,267.194
2019-02-14 12:00:00,342.898,328.869
2019-02-14 13:00:00,279.322,276.801
2019-02-14 14:00:00,275.065,297.176
2019-02-14 15:00:00,277.312,311.138
2019-02-14 16:00:00,250.157,284.134
2019-02-14 17:00:00,214.942,237.174
2019-02-14 18:00:00,194.715,203.645
2019-02-14 19:00:00,174.497,166.879
2019-02-14 20:00:00,137.346,135.998
2019-02-14 21:00:00,117.271,112.122
2019-02-14 22:00:00,111.575,109.844
2019-02-14 23:00:00,108.68,107.514
2019-02-15 00:00:00,98.075,106.885
2019-02-15 01:00:00,108.853,107.162
2019-02-15 02:00:00,112.592,109.37
2019-02-15 03:00:00,120.325,107.259
2019-02-15 04:00:00,123.55,107.958
2019-02-15 05:00:00,124.707,106.284
2019-02-15 06:00:00,128.177,113.174
2019-02-15 07:00:00,133.048,138.438
2019-02-15 08:00:00,166.567,196.755
2019-02-15 09:00:00,213.693,230.622
2019-02-15 10:00:00,243.563,267.678
2019-02-15 11:00:00,251.675,253.495
2019-02-15 12:00:00,326.383,320.836
2019-02-15 13:00:00,266.942,273.465
2019-02-15 14:00:00,266.497,284.134
2019-02-15 15:00:00,253.976,284.792
2019-02-15 16:00:00,235.803,261.163
2019-02-15 17:00:00,216.337,237.785
2019-02-15 18:00:00,197.714,201.941
2019-02-15 19:00:00,175.808,167.542
2019-02-15 20:00:00,133.235,132.864
2019-02-15 21:00:00,122.266,118.066
2019-02-15 22:00:00,107.413,108.965
2019-02-15 23:00:00,104.963,102.034
2019-02-16 00:00:00,94.735,103.139
2019-02-16 01:00:00,104.928,106.068
2019-02-16 02:00:00,107.25,103.328
2019-02-16 03:00:00,112.838,102.907
2019-02-16 04:00:00,120.905,105.362
2019-02-16 05:00:00,118.97,101.667
2019-02-16 06:00:00,120.733,108.403
2019-02-16 07:00:00,121.99,116.634
2019-02-16 08:00:00,143.138,134.29
2019-02-16 09:00:00,156.212,145.758
2019-02-16 10:00:00,160.607,153.685
2019-02-16 11:00:00,164.829,133.469
2019-02-16 12:00:00,158.031,126.631
2019-02-16 13:00:00,152.787,122.41
2019-02-16 14:00:00,143.054,119.12
2019-02-16 15:00:00,129.382,120.614
2019-02-16 16:00:00,123.081,124.357
2019-02-16 17:00:00,115.691,131.472
2019-02-16 18:00:00,109.389,122.777
2019-02-16 19:00:00,107.748,118.309
2019-02-16 20:00:00,109.014,116.293
2019-02-16 21:00:00,113.047,111.947
2019-02-16 22:00:00,100.134,119.177
2019-02-16 23:00:00,104.459,101.988
2019-02-17 00:00:00,97.611,109.807
2019-02-17 01:00:00,101.827,102.095
2019-02-17 02:00:00,106.652,108.31
2019-02-17 03:00:00,113.853,104.596
2019-02-17 04:00:00,116.281,101.739
2019-02-17 05:00:00,118.68,100.677
2019-02-17 06:00:00,119.788,98.328
2019-02-17 07:00:00,124.439,112.429
2019-02-17 08:00:00,125.166,101.835
2019-02-17 09:00:00,127.574,103.93
2019-02-17 10:00:00,140.626,106.399
2019-02-17 11:00:00,139.597,105.043
2019-02-17 12:00:00,138.423,104.834
2019-02-17 13:00:00,128.942,106.22
2019-02-17 14:00:00,117.705,109.562
2019-02-17 15:00:00,96.183,104.408
2019-02-17 16:00:00,97.087,108.35
2019-02-17 17:00:00,92.231,110.502
2019-02-17 18:00:00,91.547,111.86
2019-02-17 19:00:00,91.875,108.391
2019-02-17 20:00:00,95.627,109.311
2019-02-17 21:00:00,93.754,101.676
2019-02-17 22:00:00,99.628,103.729
2019-02-17 23:00:00,108.746,107.222
2019-02-18 00:00:00,95.903,104.141
2019-02-18 01:00:00,101.513,103.441
2019-02-18 02:00:00,106.545,101.149
2019-02-18 03:00:00,113.853,102.546
2019-02-18 04:00:00,116.499,99.937
2019-02-18 05:00:00,118.802,100.702
2019-02-18 06:00:00,121.322,104.922
2019-02-18 07:00:00,128.729,131.717
2019-02-18 08:00:00,167.05,190.61
2019-02-18 09:00:00,203.964,225.698
2019-02-18 10:00:00,234.36,265.676
2019-02-18 11:00:00,265.465,277.15
2019-02-18 12:00:00,344.242,303.292
2019-02-18 13:00:00,284.749,315.064
2019-02-18 14:00:00,286.782,315.536
2019-02-18 15:00:00,283.819,314.454
2019-02-18 16:00:00,274.829,302.797
2019-02-18 17:00:00,244.078,261.943
2019-02-18 18:00:00,230.497,226.897
2019-02-18 19:00:00,198.86,182.715
2019-02-18 20:00:00,160.212,149.777
2019-02-18 21:00:00,126.942,120.844
2019-02-18 22:00:00,118.765,113.933
2019-02-18 23:00:00,124.818,117.368
2019-02-19 00:00:00,110.813,120.265
2019-02-19 01:00:00,113.865,111.699
2019-02-19 02:00:00,117.758,107.811
2019-02-19 03:00:00,124.81,112.155
2019-02-19 04:00:00,125.626,108.079
2019-02-19 05:00:00,129.891,113.403
2019-02-19 06:00:00,130.316,112.584
2019-02-19 07:00:00,134.25,148.309
2019-02-19 08:00:00,187.354,203.831
2019-02-19 09:00:00,228.241,240.483
2019-02-19 10:00:00,260.152,259.576
2019-02-19 11:00:00,300.399,312.734
2019-02-19 12:00:00,335.261,316.979
2019-02-19 13:00:00,305.723,311.18
2019-02-19 14:00:00,270.023,274.976
2019-02-19 15:00:00,282.37,304.135
2019-02-19 16:00:00,244.364,267.262
2019-02-19 17:00:00,222.936,244.191
2019-02-19 18:00:00,211.8,212.911
2019-02-19 19:00:00,192.216,186.702
2019-02-19 20:00:00,156.233,144.032
2019-02-19 21:00:00,127.051,119.075
2019-02-19 22:00:00,114.674,113.027
2019-02-19 23:00:00,117.74,113.847
2019-02-20 00:00:00,109.698,116.604
2019-02-20 01:00:00,105.7,106.594
2019-02-20 02:00:00,115.586,109.523
2019-02-20 03:00:00,120.362,108.772
2019-02-20 04:00:00,125.285,108.438
2019-02-20 05:00:00,125.85,109.609
2019-02-20 06:00:00,125.842,109.654
2019-02-20 07:00:00,132.856,144.416
2019-02-20 08:00:00,180.824,206.015
2019-02-20 09:00:00,232.771,247.355
2019-02-20 10:00:00,252.294,266.687
2019-02-20 11:00:00,282.755,273.856
2019-02-20 12:00:00,347.044,334.064
2019-02-20 13:00:00,320.071,333.363
2019-02-20 14:00:00,281.426,292.851
2019-02-20 15:00:00,284.657,308.783
2019-02-20 16:00:00,260.149,278.646
2019-02-20 17:00:00,232.107,241.84
2019-02-20 18:00:00,213.447,214.392
2019-02-20 19:00:00,202.021,184.839
2019-02-20 20:00:00,161.597,149.286
2019-02-20 21:00:00,138.662,126.288
2019-02-20 22:00:00,116.33,110.978
2019-02-20 23:00:00,116.227,105.241
2019-02-21 00:00:00,107.346,111.294
2019-02-21 01:00:00,110.697,109.116
2019-02-21 02:00:00,119.21,111.747
2019-02-21 03:00:00,121.681,107.785
2019-02-21 04:00:00,127.778,108.075
2019-02-21 05:00:00,128.799,112.236
2019-02-21 06:00:00,131.783,114.493
2019-02-21 07:00:00,133.834,140.989
2019-02-21 08:00:00,182.455,206.199
2019-02-21 09:00:00,225.272,249.047
2019-02-21 10:00:00,261.366,268.265
2019-02-21 11:00:00,291.494,296.759
2019-02-21 12:00:00,371.827,303.077
2019-02-21 13:00:00,315.293,321.85
2019-02-21 14:00:00,303.468,343.103
2019-02-21 15:00:00,279.058,312.775
2019-02-21 16:00:00,263.444,297.448
2019-02-21 17:00:00,224.652,241.447
2019-02-21 18:00:00,219.234,220.547
2019-02-21 19:00:00,192.404,179.505
2019-02-21 20:00:00,159.795,148.601
2019-02-21 21:00:00,125.239,120.647
2019-02-21 22:00:00,113.771,106.899
2019-02-21 23:00:00,122.7,116.586
2019-02-22 00:00:00,108.233,112.037
2019-02-22 01:00:00,114.45,112.176
2019-02-22 02:00:00,117.403,109.739
2019-02-22 03:00:00,122.389,108.883
2019-02-22 04:00:00,124.091,107.882
2019-02-22 05:00:00,125.408,108.974
2019-02-22 06:00:00,129.107,113.887
2019-02-22 07:00:00,134.46,147.725
2019-02-22 08:00:00,182.158,204.297
2019-02-22 09:00:00,238.07,263.24
2019-02-22 10:00:00,264.022,263.923
2019-02-22 11:00:00,282.334,275.332
2019-02-22 12:00:00,367.187,321.656
2019-02-22 13:00:00,304.54,310.447
2019-02-22 14:00:00,290.166,320.592
2019-02-22 15:00:00,279.376,313.464
2019-02-22 16:00:00,248.999,295.561
2019-02-22 17:00:00,217.435,239.408
2019-02-22 18:00:00,208.966,207.613
2019-02-22 19:00:00,186.21,179.431
2019-02-22 20:00:00,160.696,146.66
2019-02-22 21:00:00,127.113,122.6
2019-02-22 22:00:00,115.897,110.765
2019-02-22 23:00:00,116.871,107.382
2019-02-23 00:00:00,104.617,111.29
2019-02-23 01:00:00,113.142,110.604
2019-02-23 02:00:00,115.864,106.395
2019-02-23 03:00:00,116.77,106.793
2019-02-23 04:00:00,121.545,105.722
2019-02-23 05:00:00,126.219,108.497
2019-02-23 06:00:00,126.177,111.697
2019-02-23 07:00:00,128.861,142.571
2019-02-23 08:00:00,143.795,156.751
2019-02-23 09:00:00,153.187,130.066
2019-02-23 10:00:00,163.445,150.33
2019-02-23 11:00:00,169.38,130.525
2019-02-23 12:00:00,161.175,124.248
2019-02-23 13:00:00,157.97,124.502
2019-02-23 14:00:00,149.714,122.987
2019-02-23 15:00:00,135.848,121.813
2019-02-23 16:00:00,129.576,122.871
2019-02-23 17:00:00,112.248,122.763
2019-02-23 18:00:00,106.349,119.647
2019-02-23 19:00:00,110.714,116.421
2019-02-23 20:00:00,106.506,115.21
2019-02-23 21:00:00,103.674,101.44
2019-02-23 22:00:00,102.52,102.06
2019-02-23 23:00:00,105.427,104.756
2019-02-24 00:00:00,95.652,104.544
2019-02-24 01:00:00,102.814,103.483
2019-02-24 02:00:00,105.751,98.367
2019-02-24 03:00:00,111.281,102.369
2019-02-24 04:00:00,117.211,102.983
2019-02-24 05:00:00,118.676,101.23
2019-02-24 06:00:00,119.271,102.148
2019-02-24 07:00:00,122.699,119.446
2019-02-24 08:00:00,126.865,99.369
2019-02-24 09:00:00,135.051,101.912
2019-02-24 10:00:00,140.018,107.875
2019-02-24 11:00:00,146.046,117.081
2019-02-24 12:00:00,141.572,106.645
2019-02-24 13:00:00,136.903,107.478
2019-02-24 14:00:00,128.276,108.549
2019-02-24 15:00:00,121.999,108.44
2019-02-24 16:00:00,104.661,106.225
2019-02-24 17:00:00,94.955,107.265
2019-02-24 18:00:00,84.855,105.313
2019-02-24 19:00:00,90.185,106.563
2019-02-24 20:00:00,96.454,108.785
2019-02-24 21:00:00,94.618,102.604
2019-02-24 22:00:00,97.98,102.018
2019-02-24 23:00:00,107.544,101.562
2019-02-25 00:00:00,94.333,101.944
2019-02-25 01:00:00,102.309,104.197
2019-02-25 02:00:00,110.355,103.929
2019-02-25 03:00:00,108.4,96.736
2019-02-25 04:00:00,115.428,100.745
2019-02-25 05:00:00,122.263,102.876
2019-02-25 06:00:00,116.827,99.994
2019-02-25 07:00:00,126.938,136.824
2019-02-25 08:00:00,181.0,205.562
2019-02-25 09:00:00,226.614,234.049
2019-02-25 10:00:00,252.822,251.489
2019-02-25 11:00:00,281.552,272.663
2019-02-25 12:00:00,388.149,323.508
2019-02-25 13:00:00,310.03,307.93
2019-02-25 14:00:00,306.17,308.413
2019-02-25 15:00:00,288.573,321.622
2019-02-25 16:00:00,258.876,305.497
2019-02-25 17:00:00,231.914,252.79
2019-02-25 18:00:00,220.631,215.435
2019-02-25 19:00:00,195.247,171.754
2019-02-25 20:00:00,157.845,133.022
2019-02-25 21:00:00,135.638,119.039
2019-02-25 22:00:00,113.099,114.586
2019-02-25 23:00:00,117.03,108.291
2019-02-26 00:00:00,105.705,107.299
2019-02-26 01:00:00,113.325,113.304
2019-02-26 02:00:00,114.902,107.224
2019-02-26 03:00:00,121.427,106.874
2019-02-26 04:00:00,127.436,111.129
2019-02-26 05:00:00,127.364,112.254
2019-02-26 06:00:00,129.555,111.911
2019-02-26 07:00:00,137.78,154.005
2019-02-26 08:00:00,178.447,202.411
2019-02-26 09:00:00,234.137,237.322
2019-02-26 10:00:00,273.958,276.34
2019-02-26 11:00:00,290.34,280.664
2019-02-26 12:00:00,388.503,322.472
2019-02-26 13:00:00,303.301,309.838
2019-02-26 14:00:00,304.414,366.09
2019-02-26 15:00:00,288.129,351.115
2019-02-26 16:00:00,257.115,296.239
2019-02-26 17:00:00,238.896,251.19
2019-02-26 18:00:00,226.233,222.124
2019-02-26 19:00:00,193.21,180.963
2019-02-26 20:00:00,159.822,146.927
2019-02-26 21:00:00,130.496,118.165
2019-02-26 22:00:00,120.164,113.434
2019-02-26 23:00:00,117.47,108.664
2019-02-27 00:00:00,112.707,121.543
2019-02-27 01:00:00,112.555,111.005
2019-02-27 02:00:00,120.859,110.718
2019-02-27 03:00:00,123.597,109.96
2019-02-27 04:00:00,128.343,110.612
2019-02-27 05:00:00,130.246,113.977
2019-02-27 06:00:00,133.351,114.369
2019-02-27 07:00:00,133.006,194.749
2019-02-27 08:00:00,191.997,210.602
2019-02-27 09:00:00,229.291,252.076
2019-02-27 10:00:00,256.033,273.88
2019-02-27 11:00:00,280.417,279.529
2019-02-27 12:00:00,374.086,341.363
2019-02-27 13:00:00,322.745,330.334
2019-02-27 14:00:00,275.379,311.801
2019-02-27 15:00:00,280.682,324.502
2019-02-27 16:00:00,250.489,290.644
2019-02-27 17:00:00,236.296,252.011
2019-02-27 18:00:00,214.596,217.385
2019-02-27 19:00:00,204.972,187.745
2019-02-27 20:00:00,164.595,154.746
2019-02-27 21:00:00,140.735,123.591
2019-02-27 22:00:00,122.763,111.813
2019-02-27 23:00:00,124.012,116.478
2019-02-28 00:00:00,111.853,119.66
2019-02-28 01:00:00,113.358,111.614
2019-02-28 02:00:00,114.506,108.479
2019-02-28 03:00:00,121.725,108.239
2019-02-28 04:00:00,126.822,108.757
2019-02-28 05:00:00,127.843,111.753
2019-02-28 06:00:00,132.527,113.92
2019-02-28 07:00:00,134.955,151.795
2019-02-28 08:00:00,185.16,207.898
2019-02-28 09:00:00,241.794,278.492
2019-02-28 10:00:00,269.786,270.27
2019-02-28 11:00:00,295.161,299.388
2019-02-28 12:00:00,381.695,309.951
2019-02-28 13:00:00,317.741,340.002
2019-02-28 14:00:00,295.845,321.029
2019-02-28 15:00:00,291.502,326.87
2019-02-28 16:00:00,262.393,289.993
2019-02-28 17:00:00,238.904,254.643
2019-02-28 18:00:00,222.389,216.849
2019-02-28 19:00:00,199.48,183.859
2019-02-28 20:00:00,167.227,153.223
2019-02-28 21:00:00,129.72,119.058
2019-02-28 22:00:00,115.972,109.111
2019-02-28 23:00:00,120.104,112.531
2019-03-01 00:00:00,108.324,113.479
2019-03-01 01:00:00,104.167,103.791
2019-03-01 02:00:00,103.729,97.335
2019-03-01 03:00:00,108.647,98.561
2019-03-01 04:00:00,114.281,97.466
2019-03-01 05:00:00,115.742,98.342
2019-03-01 06:00:00,117.539,104.008
2019-03-01 07:00:00,129.067,168.135
2019-03-01 08:00:00,164.64,188.916
2019-03-01 09:00:00,210.857,227.651
2019-03-01 10:00:00,264.725,261.398
2019-03-01 11:00:00,290.987,294.385
2019-03-01 12:00:00,298.761,286.417
2019-03-01 13:00:00,276.991,265.584
2019-03-01 14:00:00,235.916,251.854
2019-03-01 15:00:00,235.401,257.954
2019-03-01 16:00:00,229.136,251.775
2019-03-01 17:00:00,224.316,242.005
2019-03-01 18:00:00,200.539,209.324
2019-03-01 19:00:00,170.762,170.889
2019-03-01 20:00:00,145.479,144.759
2019-03-01 21:00:00,122.508,121.69
2019-03-01 22:00:00,106.11,103.224
2019-03-01 23:00:00,102.926,101.827
2019-03-02 00:00:00,98.592,107.718
2019-03-02 01:00:00,105.051,116.115
2019-03-02 02:00:00,108.196,104.055
2019-03-02 03:00:00,113.23,101.635
2019-03-02 04:00:00,119.119,106.941
2019-03-02 05:00:00,119.913,100.263
2019-03-02 06:00:00,120.435,104.372
2019-03-02 07:00:00,124.38,119.079
2019-03-02 08:00:00,121.635,100.758
2019-03-02 09:00:00,129.539,99.451
2019-03-02 10:00:00,146.593,112.446
2019-03-02 11:00:00,143.841,121.412
2019-03-02 12:00:00,142.331,103.034
2019-03-02 13:00:00,133.452,100.931
2019-03-02 14:00:00,123.742,101.586
2019-03-02 15:00:00,120.549,113.245
2019-03-02 16:00:00,103.701,102.814
2019-03-02 17:00:00,94.538,107.972
2019-03-02 18:00:00,88.113,107.276
2019-03-02 19:00:00,90.127,108.431
2019-03-02 20:00:00,100.452,112.129
2019-03-02 21:00:00,96.757,105.188
2019-03-02 22:00:00,104.236,104.682
2019-03-02 23:00:00,108.269,105.081
2019-03-03 00:00:00,98.05,107.184
2019-03-03 01:00:00,102.191,102.384
2019-03-03 02:00:00,106.903,101.182
2019-03-03 03:00:00,112.334,101.669
2019-03-03 04:00:00,117.975,102.595
2019-03-03 05:00:00,121.705,102.507
2019-03-03 06:00:00,123.204,107.725
2019-03-03 07:00:00,122.669,119.004
2019-03-03 08:00:00,128.769,107.023
2019-03-03 09:00:00,131.406,102.49
2019-03-03 10:00:00,140.858,107.618
2019-03-03 11:00:00,141.272,104.599
2019-03-03 12:00:00,143.2,103.465
2019-03-03 13:00:00,131.876,102.561
2019-03-03 14:00:00,123.769,105.754
2019-03-03 15:00:00,117.02,109.583
2019-03-03 16:00:00,109.197,108.27
2019-03-03 17:00:00,93.35,107.039
2019-03-03 18:00:00,86.859,106.456
2019-03-03 19:00:00,87.075,106.294
2019-03-03 20:00:00,88.069,101.426
2019-03-03 21:00:00,93.888,100.849
2019-03-03 22:00:00,96.511,100.921
2019-03-03 23:00:00,102.004,100.799
2019-03-04 00:00:00,96.458,105.538
2019-03-04 01:00:00,109.111,107.322
2019-03-04 02:00:00,112.684,107.396
2019-03-04 03:00:00,118.225,106.742
2019-03-04 04:00:00,125.034,108.27
2019-03-04 05:00:00,124.815,107.774
2019-03-04 06:00:00,128.906,110.109
2019-03-04 07:00:00,137.075,173.615
2019-03-04 08:00:00,178.301,219.159
2019-03-04 09:00:00,233.607,244.587
2019-03-04 10:00:00,263.657,271.768
2019-03-04 11:00:00,371.126,332.017
2019-03-04 12:00:00,334.841,336.809
2019-03-04 13:00:00,312.667,331.358
2019-03-04 14:00:00,315.942,344.551
2019-03-04 15:00:00,310.934,338.355
2019-03-04 16:00:00,295.846,316.269
2019-03-04 17:00:00,278.315,261.758
2019-03-04 18:00:00,260.097,232.136
2019-03-04 19:00:00,234.172,191.607
2019-03-04 20:00:00,201.566,183.674
2019-03-04 21:00:00,154.708,138.435
2019-03-04 22:00:00,139.349,120.674
2019-03-04 23:00:00,112.958,106.23
2019-03-05 00:00:00,102.415,108.294
2019-03-05 01:00:00,105.366,105.461
2019-03-05 02:00:00,108.428,100.953
2019-03-05 03:00:00,113.455,101.65
2019-03-05 04:00:00,116.877,100.749
2019-03-05 05:00:00,122.211,101.973
2019-03-05 06:00:00,126.0,111.764
2019-03-05 07:00:00,131.724,163.466
2019-03-05 08:00:00,169.254,193.455
2019-03-05 09:00:00,197.772,227.733
2019-03-05 10:00:00,237.207,272.965
2019-03-05 11:00:00,369.573,330.674
2019-03-05 12:00:00,379.36,352.21
2019-03-05 13:00:00,344.39,342.65
2019-03-05 14:00:00,330.865,339.745
2019-03-05 15:00:00,358.531,367.598
2019-03-05 16:00:00,337.868,337.024
2019-03-05 17:00:00,338.381,337.371
2019-03-05 18:00:00,323.477,316.601
2019-03-05 19:00:00,274.798,183.705
2019-03-05 20:00:00,175.559,153.686
2019-03-05 21:00:00,128.96,118.76
2019-03-05 22:00:00,122.41,112.372
2019-03-05 23:00:00,110.709,108.913
2019-03-06 00:00:00,100.206,107.609
2019-03-06 01:00:00,108.191,106.154
2019-03-06 02:00:00,110.258,114.252
2019-03-06 03:00:00,118.257,106.553
2019-03-06 04:00:00,119.589,104.591
2019-03-06 05:00:00,126.824,110.759
2019-03-06 06:00:00,123.535,109.016
2019-03-06 07:00:00,137.483,159.412
2019-03-06 08:00:00,245.432,249.541
2019-03-06 09:00:00,309.082,253.823
2019-03-06 10:00:00,343.249,318.453
2019-03-06 11:00:00,539.085,393.174
2019-03-06 12:00:00,531.36,389.166
2019-03-06 13:00:00,509.317,394.571
2019-03-06 14:00:00,499.003,395.601
2019-03-06 15:00:00,494.705,405.486
2019-03-06 16:00:00,497.013,402.159
2019-03-06 17:00:00,477.169,327.776
2019-03-06 18:00:00,464.923,363.632
2019-03-06 19:00:00,432.105,194.831
2019-03-06 20:00:00,203.373,177.966
2019-03-06 21:00:00,130.445,119.942
2019-03-06 22:00:00,119.642,113.003
2019-03-06 23:00:00,111.98,107.645
2019-03-07 00:00:00,101.036,108.697
2019-03-07 01:00:00,104.872,106.376
2019-03-07 02:00:00,108.528,102.51
2019-03-07 03:00:00,116.579,105.833
2019-03-07 04:00:00,117.658,100.016
2019-03-07 05:00:00,123.873,101.196
2019-03-07 06:00:00,124.981,108.161
2019-03-07 07:00:00,135.521,147.279
2019-03-07 08:00:00,365.372,290.566
2019-03-07 09:00:00,303.99,251.786
2019-03-07 10:00:00,375.492,297.154
2019-03-07 11:00:00,421.938,337.238
2019-03-07 12:00:00,415.325,327.454
2019-03-07 13:00:00,413.74,344.919
2019-03-07 14:00:00,381.834,340.764
2019-03-07 15:00:00,393.353,348.32
2019-03-07 16:00:00,403.342,344.784
2019-03-07 17:00:00,424.383,362.384
2019-03-07 18:00:00,385.513,326.647
2019-03-07 19:00:00,343.521,191.837
2019-03-07 20:00:00,183.846,157.654
2019-03-07 21:00:00,140.763,126.112
2019-03-07 22:00:00,107.863,104.101
2019-03-07 23:00:00,114.544,106.679
2019-03-08 00:00:00,97.699,107.332
2019-03-08 01:00:00,89.287,87.856
2019-03-08 02:00:00,95.146,88.536
2019-03-08 03:00:00,100.659,87.297
2019-03-08 04:00:00,105.716,89.328
2019-03-08 05:00:00,105.79,86.831
2019-03-08 06:00:00,107.758,88.213
2019-03-08 07:00:00,112.038,179.82
2019-03-08 08:00:00,136.387,106.542
2019-03-08 09:00:00,138.71,103.692
2019-03-08 10:00:00,143.417,102.808
2019-03-08 11:00:00,369.581,307.442
2019-03-08 12:00:00,212.528,169.672
2019-03-08 13:00:00,212.356,190.453
2019-03-08 14:00:00,184.466,162.513
2019-03-08 15:00:00,193.725,176.018
2019-03-08 16:00:00,156.098,158.737
2019-03-08 17:00:00,171.236,181.4
2019-03-08 18:00:00,134.874,150.352
2019-03-08 19:00:00,90.05,107.525
2019-03-08 20:00:00,88.28,102.121
2019-03-08 21:00:00,87.074,95.094
2019-03-08 22:00:00,82.579,86.264
2019-03-08 23:00:00,89.055,87.4
2019-03-09 00:00:00,80.71,86.436
2019-03-09 01:00:00,103.724,105.78
2019-03-09 02:00:00,111.488,104.776
2019-03-09 03:00:00,113.302,102.527
2019-03-09 04:00:00,123.887,107.919
2019-03-09 05:00:00,117.583,99.765
2019-03-09 06:00:00,125.948,112.575
2019-03-09 07:00:00,133.554,137.612
2019-03-09 08:00:00,395.17,286.337
2019-03-09 09:00:00,395.411,298.188
2019-03-09 10:00:00,449.914,328.4
2019-03-09 11:00:00,476.102,395.108
2019-03-09 12:00:00,487.255,405.198
2019-03-09 13:00:00,477.365,404.096
2019-03-09 14:00:00,470.795,415.02
2019-03-09 15:00:00,469.01,418.186
2019-03-09 16:00:00,442.215,421.536
2019-03-09 17:00:00,435.433,420.698
2019-03-09 18:00:00,405.49,349.126
2019-03-09 19:00:00,390.094,196.963
2019-03-09 20:00:00,152.37,141.511
2019-03-09 21:00:00,115.447,110.701
2019-03-09 22:00:00,102.747,105.716
2019-03-09 23:00:00,107.374,104.807
2019-03-10 00:00:00,100.153,107.971
2019-03-10 01:00:00,108.297,106.001
2019-03-10 02:00:00,115.638,105.987
2019-03-10 03:00:00,116.055,103.531
2019-03-10 04:00:00,116.436,100.643
2019-03-10 05:00:00,126.61,109.463
2019-03-10 06:00:00,126.993,112.855
2019-03-10 07:00:00,145.778,155.046
2019-03-10 08:00:00,370.142,290.781
2019-03-10 09:00:00,311.731,250.631
2019-03-10 10:00:00,376.92,308.754
2019-03-10 11:00:00,395.573,316.956
2019-03-10 12:00:00,412.399,341.813
2019-03-10 13:00:00,431.674,358.392
2019-03-10 14:00:00,450.756,407.238
2019-03-10 15:00:00,488.906,406.355
2019-03-10 16:00:00,481.397,414.845
2019-03-10 17:00:00,436.584,419.934
2019-03-10 18:00:00,407.168,348.84
2019-03-10 19:00:00,368.828,192.442
2019-03-10 20:00:00,197.755,176.675
2019-03-10 21:00:00,124.733,118.423
2019-03-10 22:00:00,108.64,102.907
2019-03-10 23:00:00,108.472,105.758
2019-03-11 00:00:00,103.273,112.067
2019-03-11 01:00:00,107.41,105.75
2019-03-11 02:00:00,109.003,104.621
2019-03-11 03:00:00,113.958,103.462
2019-03-11 04:00:00,121.586,105.1
2019-03-11 05:00:00,122.244,102.356
2019-03-11 06:00:00,124.311,108.169
2019-03-11 07:00:00,126.465,112.329
2019-03-11 08:00:00,137.705,111.187
2019-03-11 09:00:00,145.71,104.483
2019-03-11 10:00:00,148.147,108.884
2019-03-11 11:00:00,152.577,106.685
2019-03-11 12:00:00,147.572,108.722
2019-03-11 13:00:00,143.615,116.543
2019-03-11 14:00:00,130.743,102.77
2019-03-11 15:00:00,119.3,105.248
2019-03-11 16:00:00,109.768,109.268
2019-03-11 17:00:00,93.18,103.405
2019-03-11 18:00:00,87.457,108.573
2019-03-11 19:00:00,85.087,101.968
2019-03-11 20:00:00,88.706,102.084
2019-03-11 21:00:00,93.688,105.066
2019-03-11 22:00:00,97.385,103.06
2019-03-11 23:00:00,107.528,106.428
2019-03-12 00:00:00,94.509,104.345
2019-03-12 01:00:00,108.348,103.817
2019-03-12 02:00:00,113.856,105.524
2019-03-12 03:00:00,118.973,107.067
2019-03-12 04:00:00,123.949,108.293
2019-03-12 05:00:00,125.886,109.231
2019-03-12 06:00:00,131.561,114.469
2019-03-12 07:00:00,162.662,180.942
2019-03-12 08:00:00,219.806,228.272
2019-03-12 09:00:00,246.982,269.846
2019-03-12 10:00:00,367.298,321.222
2019-03-12 11:00:00,332.632,324.953
2019-03-12 12:00:00,333.832,334.901
2019-03-12 13:00:00,338.304,344.086
2019-03-12 14:00:00,317.386,336.732
2019-03-12 15:00:00,315.672,340.25
2019-03-12 16:00:00,299.753,324.297
2019-03-12 17:00:00,268.823,268.749
2019-03-12 18:00:00,214.529,217.565
2019-03-12 19:00:00,188.097,184.397
2019-03-12 20:00:00,155.886,146.594
2019-03-12 21:00:00,114.573,111.836
2019-03-12 22:00:00,111.198,106.406
2019-03-12 23:00:00,111.693,106.977
2019-03-13 00:00:00,100.973,108.223
2019-03-13 01:00:00,107.584,107.533
2019-03-13 02:00:00,111.14,105.429
2019-03-13 03:00:00,119.626,108.645
2019-03-13 04:00:00,121.034,105.225
2019-03-13 05:00:00,126.267,108.495
2019-03-13 06:00:00,125.576,110.007
2019-03-13 07:00:00,136.867,141.062
2019-03-13 08:00:00,191.137,204.866
2019-03-13 09:00:00,236.728,238.323
2019-03-13 10:00:00,276.753,270.656
2019-03-13 11:00:00,298.859,304.679
2019-03-13 12:00:00,396.186,300.538
2019-03-13 13:00:00,323.681,316.31
2019-03-13 14:00:00,306.478,315.074
2019-03-13 15:00:00,297.935,321.139
2019-03-13 16:00:00,284.351,301.879
2019-03-13 17:00:00,280.159,262.153
2019-03-13 18:00:00,259.236,232.171
2019-03-13 19:00:00,229.971,188.52
2019-03-13 20:00:00,192.09,173.982
2019-03-13 21:00:00,143.883,126.625
2019-03-13 22:00:00,133.589,122.093
2019-03-13 23:00:00,129.911,118.252
2019-03-14 00:00:00,113.091,122.317
2019-03-14 01:00:00,123.903,131.844
2019-03-14 02:00:00,122.831,116.139
2019-03-14 03:00:00,129.609,139.584
2019-03-14 04:00:00,131.578,116.67
2019-03-14 05:00:00,136.398,119.068
2019-03-14 06:00:00,138.523,126.695
2019-03-14 07:00:00,149.55,171.862
2019-03-14 08:00:00,202.09,217.775
2019-03-14 09:00:00,299.906,250.282
2019-03-14 10:00:00,303.515,310.658
2019-03-14 11:00:00,320.837,305.342
2019-03-14 12:00:00,336.081,336.78
2019-03-14 13:00:00,329.164,343.139
2019-03-14 14:00:00,311.872,310.263
2019-03-14 15:00:00,316.824,342.537
2019-03-14 16:00:00,295.79,317.34
2019-03-14 17:00:00,286.135,290.87
2019-03-14 18:00:00,260.65,255.156
2019-03-14 19:00:00,241.26,186.485
2019-03-14 20:00:00,199.371,179.096
2019-03-14 21:00:00,149.303,133.529
2019-03-14 22:00:00,137.304,120.99
2019-03-14 23:00:00,127.592,114.768
2019-03-15 00:00:00,113.339,121.808
2019-03-15 01:00:00,116.687,114.195
2019-03-15 02:00:00,126.004,124.997
2019-03-15 03:00:00,130.138,133.301
2019-03-15 04:00:00,133.16,118.685
2019-03-15 05:00:00,137.797,134.699
2019-03-15 06:00:00,137.852,128.19
2019-03-15 07:00:00,154.672,165.799
2019-03-15 08:00:00,193.6,237.175
2019-03-15 09:00:00,286.769,250.703
2019-03-15 10:00:00,305.85,312.653
2019-03-15 11:00:00,315.09,295.316
2019-03-15 12:00:00,339.312,328.866
2019-03-15 13:00:00,329.848,326.224
2019-03-15 14:00:00,315.737,368.967
2019-03-15 15:00:00,315.991,339.837
2019-03-15 16:00:00,310.708,335.396
2019-03-15 17:00:00,280.291,270.564
2019-03-15 18:00:00,243.778,224.705
2019-03-15 19:00:00,230.549,175.348
2019-03-15 20:00:00,176.257,133.874
2019-03-15 21:00:00,141.655,122.391
2019-03-15 22:00:00,130.542,114.487
2019-03-15 23:00:00,124.945,120.342
2019-03-16 00:00:00,103.113,110.197
2019-03-16 01:00:00,107.327,104.376
2019-03-16 02:00:00,118.138,110.696
2019-03-16 03:00:00,121.979,111.711
2019-03-16 04:00:00,125.571,110.079
2019-03-16 05:00:00,130.538,113.907
2019-03-16 06:00:00,129.447,110.846
2019-03-16 07:00:00,135.255,140.693
2019-03-16 08:00:00,155.216,312.643
2019-03-16 09:00:00,170.681,155.407
2019-03-16 10:00:00,177.198,157.302
2019-03-16 11:00:00,182.266,140.216
2019-03-16 12:00:00,178.431,133.728
2019-03-16 13:00:00,172.318,125.292
2019-03-16 14:00:00,169.074,134.457
2019-03-16 15:00:00,153.494,129.033
2019-03-16 16:00:00,145.397,138.244
2019-03-16 17:00:00,134.464,139.73
2019-03-16 18:00:00,117.043,134.454
2019-03-16 19:00:00,116.862,127.605
2019-03-16 20:00:00,122.94,129.193
2019-03-16 21:00:00,112.736,111.78
2019-03-16 22:00:00,118.304,111.06
2019-03-16 23:00:00,129.21,118.882
2019-03-17 00:00:00,105.907,113.755
2019-03-17 01:00:00,112.093,109.438
2019-03-17 02:00:00,116.579,112.356
2019-03-17 03:00:00,124.127,110.518
2019-03-17 04:00:00,126.813,110.691
2019-03-17 05:00:00,130.341,116.786
2019-03-17 06:00:00,135.439,121.903
2019-03-17 07:00:00,137.682,141.458
2019-03-17 08:00:00,141.697,121.801
2019-03-17 09:00:00,163.271,147.672
2019-03-17 10:00:00,152.303,166.308
2019-03-17 11:00:00,146.495,120.817
2019-03-17 12:00:00,138.974,123.12
2019-03-17 13:00:00,136.192,123.263
2019-03-17 14:00:00,136.887,125.217
2019-03-17 15:00:00,123.689,125.529
2019-03-17 16:00:00,111.049,121.755
2019-03-17 17:00:00,109.009,119.524
2019-03-17 18:00:00,105.393,118.149
2019-03-17 19:00:00,109.547,122.66
2019-03-17 20:00:00,106.916,118.885
2019-03-17 21:00:00,109.739,109.41
2019-03-17 22:00:00,113.64,108.128
2019-03-17 23:00:00,116.596,107.963
2019-03-18 00:00:00,101.211,111.519
2019-03-18 01:00:00,113.282,112.178
2019-03-18 02:00:00,114.748,113.041
2019-03-18 03:00:00,119.268,106.854
2019-03-18 04:00:00,124.505,109.331
2019-03-18 05:00:00,130.101,115.128
2019-03-18 06:00:00,129.95,113.959
2019-03-18 07:00:00,139.993,150.214
2019-03-18 08:00:00,186.482,204.376
2019-03-18 09:00:00,299.808,248.609
2019-03-18 10:00:00,271.403,268.844
2019-03-18 11:00:00,324.853,309.701
2019-03-18 12:00:00,338.061,318.652
2019-03-18 13:00:00,326.028,350.039
2019-03-18 14:00:00,314.44,355.641
2019-03-18 15:00:00,306.051,339.41
2019-03-18 16:00:00,299.39,324.07
2019-03-18 17:00:00,287.356,285.576
2019-03-18 18:00:00,263.105,239.811
2019-03-18 19:00:00,243.471,185.542
2019-03-18 20:00:00,180.001,153.518
2019-03-18 21:00:00,145.954,124.815
2019-03-18 22:00:00,121.045,112.338
2019-03-18 23:00:00,126.527,115.534
2019-03-19 00:00:00,109.845,115.211
2019-03-19 01:00:00,117.39,122.597
2019-03-19 02:00:00,119.523,112.419
2019-03-19 03:00:00,127.182,120.69
2019-03-19 04:00:00,129.833,114.391
2019-03-19 05:00:00,132.268,116.698
2019-03-19 06:00:00,136.851,122.065
2019-03-19 07:00:00,148.9,153.943
2019-03-19 08:00:00,196.872,273.532
2019-03-19 09:00:00,312.844,262.178
2019-03-19 10:00:00,308.223,302.668
2019-03-19 11:00:00,334.573,325.498
2019-03-19 12:00:00,339.294,333.172
2019-03-19 13:00:00,335.023,327.808
2019-03-19 14:00:00,309.045,312.15
2019-03-19 15:00:00,311.897,337.223
2019-03-19 16:00:00,281.724,312.229
2019-03-19 17:00:00,249.345,247.641
2019-03-19 18:00:00,223.928,222.966
2019-03-19 19:00:00,198.683,183.894
2019-03-19 20:00:00,166.944,146.32
2019-03-19 21:00:00,129.984,117.565
2019-03-19 22:00:00,108.342,106.435
2019-03-19 23:00:00,109.202,106.143
2019-03-20 00:00:00,99.554,108.75
2019-03-20 01:00:00,107.547,105.194
2019-03-20 02:00:00,111.311,105.522
2019-03-20 03:00:00,120.506,108.571
2019-03-20 04:00:00,120.198,208.396
2019-03-20 05:00:00,127.996,110.956
2019-03-20 06:00:00,125.806,110.746
2019-03-20 07:00:00,139.974,142.241
2019-03-20 08:00:00,200.82,219.376
2019-03-20 09:00:00,246.72,239.934
2019-03-20 10:00:00,277.251,268.373
2019-03-20 11:00:00,299.292,295.674
2019-03-20 12:00:00,394.009,308.238
2019-03-20 13:00:00,329.322,347.399
2019-03-20 14:00:00,322.173,335.989
2019-03-20 15:00:00,306.72,334.569
2019-03-20 16:00:00,276.501,307.585
2019-03-20 17:00:00,241.423,249.236
2019-03-20 18:00:00,229.169,224.2
2019-03-20 19:00:00,212.069,181.845
2019-03-20 20:00:00,182.617,149.494
2019-03-20 21:00:00,148.704,133.622
2019-03-20 22:00:00,122.957,110.807
2019-03-20 23:00:00,112.17,107.952
2019-03-21 00:00:00,100.745,109.133
2019-03-21 01:00:00,102.581,106.829
2019-03-21 02:00:00,109.421,104.754
2019-03-21 03:00:00,115.897,107.119
2019-03-21 04:00:00,118.496,99.255
2019-03-21 05:00:00,124.983,107.367
2019-03-21 06:00:00,122.043,107.81
2019-03-21 07:00:00,136.975,132.365
2019-03-21 08:00:00,198.096,246.84
2019-03-21 09:00:00,239.114,251.377
2019-03-21 10:00:00,265.698,260.762
2019-03-21 11:00:00,312.137,315.499
2019-03-21 12:00:00,407.597,298.99
2019-03-21 13:00:00,326.704,360.404
2019-03-21 14:00:00,317.907,368.685
2019-03-21 15:00:00,308.195,349.249
2019-03-21 16:00:00,274.582,308.495
2019-03-21 17:00:00,246.489,251.023
2019-03-21 18:00:00,232.085,222.866
2019-03-21 19:00:00,199.421,189.586
2019-03-21 20:00:00,164.199,151.12
2019-03-21 21:00:00,141.475,126.941
2019-03-21 22:00:00,109.249,109.688
2019-03-21 23:00:00,110.163,108.713
2019-03-22 00:00:00,97.869,107.603
2019-03-22 01:00:00,107.152,105.992
2019-03-22 02:00:00,111.103,106.056
2019-03-22 03:00:00,118.245,106.317
2019-03-22 04:00:00,120.937,105.131
2019-03-22 05:00:00,124.645,106.749
2019-03-22 06:00:00,123.586,107.577
2019-03-22 07:00:00,135.524,144.35
2019-03-22 08:00:00,190.007,206.924
2019-03-22 09:00:00,228.629,244.355
2019-03-22 10:00:00,268.479,263.462
2019-03-22 11:00:00,288.05,274.028
2019-03-22 12:00:00,390.614,307.607
2019-03-22 13:00:00,311.82,309.749
2019-03-22 14:00:00,292.24,305.107
2019-03-22 15:00:00,293.858,315.652
2019-03-22 16:00:00,276.541,312.467
2019-03-22 17:00:00,231.317,243.745
2019-03-22 18:00:00,205.14,206.724
2019-03-22 19:00:00,175.122,173.544
2019-03-22 20:00:00,157.102,137.691
2019-03-22 21:00:00,129.987,116.553
2019-03-22 22:00:00,117.354,110.593
2019-03-22 23:00:00,111.994,105.413
2019-03-23 00:00:00,99.501,106.507
2019-03-23 01:00:00,103.274,104.259
2019-03-23 02:00:00,111.414,105.666
2019-03-23 03:00:00,114.284,103.227
2019-03-23 04:00:00,121.587,105.801
2019-03-23 05:00:00,123.4,103.646
2019-03-23 06:00:00,127.003,113.369
2019-03-23 07:00:00,129.868,117.262
2019-03-23 08:00:00,153.661,180.492
2019-03-23 09:00:00,161.225,122.023
2019-03-23 10:00:00,173.863,165.903
2019-03-23 11:00:00,172.096,121.77
2019-03-23 12:00:00,167.177,131.346
2019-03-23 13:00:00,166.965,126.51
2019-03-23 14:00:00,149.7,139.231
2019-03-23 15:00:00,140.646,119.762
2019-03-23 16:00:00,126.146,114.936
2019-03-23 17:00:00,116.583,112.601
2019-03-23 18:00:00,102.35,123.815
2019-03-23 19:00:00,101.522,116.568
2019-03-23 20:00:00,106.108,114.664
2019-03-23 21:00:00,103.129,101.888
2019-03-23 22:00:00,97.925,102.59
2019-03-23 23:00:00,105.985,105.222
2019-03-24 00:00:00,92.443,102.228
2019-03-24 01:00:00,99.099,100.981
2019-03-24 02:00:00,108.437,103.429
2019-03-24 03:00:00,110.325,98.358
2019-03-24 04:00:00,113.6,97.54
2019-03-24 05:00:00,120.225,103.564
2019-03-24 06:00:00,121.012,103.952
2019-03-24 07:00:00,127.728,111.781
2019-03-24 08:00:00,138.553,108.44
2019-03-24 09:00:00,143.477,101.992
2019-03-24 10:00:00,149.124,107.961
2019-03-24 11:00:00,153.436,150.998
2019-03-24 12:00:00,151.389,108.842
2019-03-24 13:00:00,142.119,106.39
2019-03-24 14:00:00,139.172,108.287
2019-03-24 15:00:00,122.28,103.14
2019-03-24 16:00:00,106.353,97.001
2019-03-24 17:00:00,96.132,105.387
2019-03-24 18:00:00,87.529,106.1
2019-03-24 19:00:00,90.046,107.276
2019-03-24 20:00:00,86.113,100.398
2019-03-24 21:00:00,89.709,99.113
2019-03-24 22:00:00,99.391,102.415
2019-03-24 23:00:00,100.48,98.648
2019-03-25 00:00:00,92.15,101.573
2019-03-25 01:00:00,101.344,101.741
2019-03-25 02:00:00,104.609,98.888
2019-03-25 03:00:00,109.021,99.135
2019-03-25 04:00:00,119.695,102.019
2019-03-25 05:00:00,121.311,104.279
2019-03-25 06:00:00,121.186,122.658
2019-03-25 07:00:00,137.688,140.092
2019-03-25 08:00:00,178.896,255.022
2019-03-25 09:00:00,221.371,237.902
2019-03-25 10:00:00,259.738,316.093
2019-03-25 11:00:00,343.156,326.486
2019-03-25 12:00:00,356.514,330.448
2019-03-25 13:00:00,331.909,333.858
2019-03-25 14:00:00,322.932,348.032
2019-03-25 15:00:00,327.289,353.91
2019-03-25 16:00:00,331.762,359.287
2019-03-25 17:00:00,306.022,339.036
2019-03-25 18:00:00,279.97,295.32
2019-03-25 19:00:00,207.365,172.79
2019-03-25 20:00:00,169.736,136.531
2019-03-25 21:00:00,143.302,121.779
2019-03-25 22:00:00,132.51,116.978
2019-03-25 23:00:00,131.165,116.67
2019-03-26 00:00:00,119.546,126.464
2019-03-26 01:00:00,123.312,126.993
2019-03-26 02:00:00,127.718,143.831
2019-03-26 03:00:00,124.95,105.252
2019-03-26 04:00:00,129.261,108.186
2019-03-26 05:00:00,130.309,113.281
2019-03-26 06:00:00,134.836,120.816
2019-03-26 07:00:00,140.873,221.219
2019-03-26 08:00:00,184.665,240.102
2019-03-26 09:00:00,225.241,249.473
2019-03-26 10:00:00,360.677,348.207
2019-03-26 11:00:00,325.649,313.471
2019-03-26 12:00:00,347.788,338.39
2019-03-26 13:00:00,322.104,308.416
2019-03-26 14:00:00,308.19,317.379
2019-03-26 15:00:00,310.145,333.907
2019-03-26 16:00:00,325.68,351.057
2019-03-26 17:00:00,298.93,334.991
2019-03-26 18:00:00,278.958,292.305
2019-03-26 19:00:00,196.326,174.118
2019-03-26 20:00:00,154.807,144.599
2019-03-26 21:00:00,137.282,119.312
2019-03-26 22:00:00,116.158,109.603
2019-03-26 23:00:00,113.551,109.98
2019-03-27 00:00:00,102.358,107.942
2019-03-27 01:00:00,109.35,109.17
2019-03-27 02:00:00,111.159,105.754
2019-03-27 03:00:00,120.556,107.485
2019-03-27 04:00:00,121.744,104.806
2019-03-27 05:00:00,127.086,110.325
2019-03-27 06:00:00,127.007,109.479
2019-03-27 07:00:00,143.509,198.719
2019-03-27 08:00:00,188.586,216.424
2019-03-27 09:00:00,237.317,244.883
2019-03-27 10:00:00,367.492,350.417
2019-03-27 11:00:00,325.526,319.757
2019-03-27 12:00:00,335.981,333.636
2019-03-27 13:00:00,327.962,349.856
2019-03-27 14:00:00,316.999,372.022
2019-03-27 15:00:00,324.65,352.741
2019-03-27 16:00:00,326.856,326.138
2019-03-27 17:00:00,305.038,344.191
2019-03-27 18:00:00,269.433,280.238
2019-03-27 19:00:00,208.042,165.58
2019-03-27 20:00:00,169.034,134.584
2019-03-27 21:00:00,148.653,134.686
2019-03-27 22:00:00,115.473,111.016
2019-03-27 23:00:00,114.881,107.619
2019-03-28 00:00:00,104.996,106.415
2019-03-28 01:00:00,111.706,109.88
2019-03-28 02:00:00,114.633,107.438
2019-03-28 03:00:00,119.755,108.651
2019-03-28 04:00:00,122.351,103.62
2019-03-28 05:00:00,132.538,116.944
2019-03-28 06:00:00,130.143,111.931
2019-03-28 07:00:00,142.586,144.291
2019-03-28 08:00:00,196.497,207.18
2019-03-28 09:00:00,238.234,250.012
2019-03-28 10:00:00,373.844,327.289
2019-03-28 11:00:00,326.594,310.14
2019-03-28 12:00:00,335.662,341.019
2019-03-28 13:00:00,322.091,316.217
2019-03-28 14:00:00,313.857,315.74
2019-03-28 15:00:00,316.496,343.917
2019-03-28 16:00:00,323.399,340.226
2019-03-28 17:00:00,307.689,334.674
2019-03-28 18:00:00,274.537,282.132
2019-03-28 19:00:00,216.38,166.61
2019-03-28 20:00:00,168.708,129.802
2019-03-28 21:00:00,151.525,134.187
2019-03-28 22:00:00,119.678,108.925
2019-03-28 23:00:00,114.018,108.529
2019-03-29 00:00:00,101.135,108.048
2019-03-29 01:00:00,111.007,108.549
2019-03-29 02:00:00,115.839,110.622
2019-03-29 03:00:00,120.12,106.139
2019-03-29 04:00:00,126.564,108.824
2019-03-29 05:00:00,126.661,110.245
2019-03-29 06:00:00,131.44,114.368
2019-03-29 07:00:00,145.345,162.28
2019-03-29 08:00:00,195.179,206.595
2019-03-29 09:00:00,227.07,241.38
2019-03-29 10:00:00,362.995,348.303
2019-03-29 11:00:00,326.488,310.639
2019-03-29 12:00:00,334.769,362.37
2019-03-29 13:00:00,314.605,316.113
2019-03-29 14:00:00,303.61,314.691
2019-03-29 15:00:00,321.073,359.328
2019-03-29 16:00:00,332.365,379.426
2019-03-29 17:00:00,303.391,331.652
2019-03-29 18:00:00,272.286,283.979
2019-03-29 19:00:00,198.355,182.207
2019-03-29 20:00:00,152.856,142.714
2019-03-29 21:00:00,132.627,119.574
2019-03-29 22:00:00,105.892,106.309
2019-03-29 23:00:00,112.068,106.748
2019-03-30 00:00:00,97.604,108.26
2019-03-30 01:00:00,106.142,106.586
2019-03-30 02:00:00,109.371,104.212
2019-03-30 03:00:00,116.697,115.332
2019-03-30 04:00:00,119.939,104.308
2019-03-30 05:00:00,123.431,101.956
2019-03-30 06:00:00,123.164,105.331
2019-03-30 07:00:00,131.878,124.27
2019-03-30 08:00:00,152.343,171.769
2019-03-30 09:00:00,150.214,126.172
2019-03-30 10:00:00,147.758,135.452
2019-03-30 11:00:00,138.462,125.485
2019-03-30 12:00:00,159.016,127.569
2019-03-30 13:00:00,166.914,117.069
2019-03-30 14:00:00,156.528,120.554
2019-03-30 15:00:00,144.13,125.12
2019-03-30 16:00:00,129.011,118.493
2019-03-30 17:00:00,118.7,126.185
2019-03-30 18:00:00,103.639,119.902
2019-03-30 19:00:00,105.658,115.843
2019-03-30 20:00:00,101.171,111.816
2019-03-30 21:00:00,104.428,98.765
2019-03-30 22:00:00,101.595,99.661
2019-03-30 23:00:00,103.96,102.603
2019-03-31 00:00:00,96.281,106.495
2019-03-31 02:00:00,108.814,102.209
2019-03-31 03:00:00,110.637,99.081
2019-03-31 04:00:00,114.44,99.18
2019-03-31 05:00:00,121.498,104.08
2019-03-31 06:00:00,119.838,103.515
2019-03-31 07:00:00,126.603,112.003
2019-03-31 08:00:00,137.528,117.508
2019-03-31 09:00:00,151.455,105.887
2019-03-31 10:00:00,153.569,115.452
2019-03-31 11:00:00,159.153,108.295
2019-03-31 12:00:00,147.3,104.735
2019-03-31 13:00:00,147.573,110.673
2019-03-31 14:00:00,135.812,107.484
2019-03-31 15:00:00,122.248,112.5
2019-03-31 16:00:00,111.449,107.96
2019-03-31 17:00:00,91.478,109.354
2019-03-31 18:00:00,87.704,106.345
2019-03-31 19:00:00,92.235,111.037
2019-03-31 20:00:00,90.803,105.877
2019-03-31 21:00:00,93.793,100.796
2019-03-31 22:00:00,103.184,106.241
2019-03-31 23:00:00,107.806,107.412
2019-04-01 00:00:00,96.803,104.675
2019-04-01 01:00:00,100.552,100.919
2019-04-01 02:00:00,106.008,99.522
2019-04-01 03:00:00,111.144,101.765
2019-04-01 04:00:00,115.958,99.263
2019-04-01 05:00:00,120.7,103.227
2019-04-01 06:00:00,120.069,102.983
2019-04-01 07:00:00,129.591,116.719
2019-04-01 08:00:00,169.883,234.119
2019-04-01 09:00:00,221.007,237.348
2019-04-01 10:00:00,268.067,292.13
2019-04-01 11:00:00,273.896,284.871
2019-04-01 12:00:00,285.603,271.519
2019-04-01 13:00:00,259.212,298.284
2019-04-01 14:00:00,247.121,265.503
2019-04-01 15:00:00,260.384,263.668
2019-04-01 16:00:00,240.444,253.838
2019-04-01 17:00:00,221.446,235.329
2019-04-01 18:00:00,195.504,202.096
2019-04-01 19:00:00,163.235,156.213
2019-04-01 20:00:00,140.648,138.252
2019-04-01 21:00:00,126.895,122.571
2019-04-01 22:00:00,113.342,106.943
2019-04-01 23:00:00,106.26,104.459
2019-04-02 00:00:00,97.551,106.767
2019-04-02 01:00:00,108.124,107.008
2019-04-02 02:00:00,109.719,104.271
2019-04-02 03:00:00,115.168,103.51
2019-04-02 04:00:00,116.707,101.714
2019-04-02 05:00:00,118.995,103.978
2019-04-02 06:00:00,122.959,107.139
2019-04-02 07:00:00,133.763,122.082
2019-04-02 08:00:00,186.673,191.522
2019-04-02 09:00:00,233.506,255.198
2019-04-02 10:00:00,283.644,290.232
2019-04-02 11:00:00,309.504,299.574
2019-04-02 12:00:00,357.856,345.125
2019-04-02 13:00:00,314.246,316.405
2019-04-02 14:00:00,313.814,313.252
2019-04-02 15:00:00,281.344,312.588
2019-04-02 16:00:00,262.481,297.844
2019-04-02 17:00:00,241.552,251.177
2019-04-02 18:00:00,222.632,241.864
2019-04-02 19:00:00,186.766,185.122
2019-04-02 20:00:00,144.436,139.753
2019-04-02 21:00:00,122.588,118.663
2019-04-02 22:00:00,114.866,108.734
2019-04-02 23:00:00,110.913,108.687
2019-04-03 00:00:00,100.306,108.73
2019-04-03 01:00:00,100.365,101.497
2019-04-03 02:00:00,106.519,101.275
2019-04-03 03:00:00,116.349,104.072
2019-04-03 04:00:00,116.2,100.624
2019-04-03 05:00:00,118.172,101.778
2019-04-03 06:00:00,124.221,107.132
2019-04-03 07:00:00,132.88,133.535
2019-04-03 08:00:00,178.22,191.817
2019-04-03 09:00:00,210.236,229.355
2019-04-03 10:00:00,220.82,244.919
2019-04-03 11:00:00,232.48,247.082
2019-04-03 12:00:00,334.216,317.168
2019-04-03 13:00:00,262.093,256.869
2019-04-03 14:00:00,255.093,264.092
2019-04-03 15:00:00,255.108,268.378
2019-04-03 16:00:00,235.646,259.208
2019-04-03 17:00:00,205.33,223.108
2019-04-03 18:00:00,185.615,198.886
2019-04-03 19:00:00,161.791,151.199
2019-04-03 20:00:00,136.423,132.938
2019-04-03 21:00:00,117.674,114.253
2019-04-03 22:00:00,108.178,108.042
2019-04-03 23:00:00,115.065,113.707
2019-04-04 00:00:00,102.228,111.655
2019-04-04 01:00:00,106.876,107.201
2019-04-04 02:00:00,115.508,111.943
2019-04-04 03:00:00,117.099,106.157
2019-04-04 04:00:00,124.586,108.924
2019-04-04 05:00:00,126.442,108.593
2019-04-04 06:00:00,130.803,113.766
2019-04-04 07:00:00,151.327,162.229
2019-04-04 08:00:00,187.899,210.402
2019-04-04 09:00:00,233.266,262.803
2019-04-04 10:00:00,255.495,256.667
2019-04-04 11:00:00,347.797,308.556
2019-04-04 12:00:00,334.543,314.601
2019-04-04 13:00:00,305.956,317.851
2019-04-04 14:00:00,274.435,295.985
2019-04-04 15:00:00,287.18,315.181
2019-04-04 16:00:00,287.135,308.932
2019-04-04 17:00:00,275.169,260.126
2019-04-04 18:00:00,245.768,233.176
2019-04-04 19:00:00,225.282,185.028
2019-04-04 20:00:00,172.817,159.482
2019-04-04 21:00:00,135.323,122.159
2019-04-04 22:00:00,127.049,116.084
2019-04-04 23:00:00,109.876,108.415
2019-04-05 00:00:00,100.461,109.706
2019-04-05 01:00:00,102.835,103.123
2019-04-05 02:00:00,113.842,108.178
2019-04-05 03:00:00,115.785,105.075
2019-04-05 04:00:00,121.335,105.123
2019-04-05 05:00:00,121.092,102.079
2019-04-05 06:00:00,125.603,107.317
2019-04-05 07:00:00,133.186,122.579
2019-04-05 08:00:00,134.405,103.168
2019-04-05 09:00:00,160.112,130.044
2019-04-05 10:00:00,170.561,153.806
2019-04-05 11:00:00,208.957,177.587
2019-04-05 12:00:00,251.531,239.735
2019-04-05 13:00:00,190.28,168.338
2019-04-05 14:00:00,183.225,169.924
2019-04-05 15:00:00,138.002,132.691
2019-04-05 16:00:00,126.88,124.638
2019-04-05 17:00:00,110.274,123.161
2019-04-05 18:00:00,103.638,119.415
2019-04-05 19:00:00,107.485,123.923
2019-04-05 20:00:00,101.972,118.225
2019-04-05 21:00:00,109.918,111.424
2019-04-05 22:00:00,113.7,112.818
2019-04-05 23:00:00,105.797,102.542
2019-04-06 00:00:00,100.403,109.246
2019-04-06 01:00:00,109.432,108.04
2019-04-06 02:00:00,113.296,107.092
2019-04-06 03:00:00,119.356,107.442
2019-04-06 04:00:00,121.582,105.828
2019-04-06 05:00:00,125.433,110.055
2019-04-06 06:00:00,127.768,113.164
2019-04-06 07:00:00,138.35,177.612
2019-04-06 08:00:00,381.794,279.511
2019-04-06 09:00:00,386.381,284.256
2019-04-06 10:00:00,482.842,393.003
2019-04-06 11:00:00,442.05,332.879
2019-04-06 12:00:00,507.568,404.379
2019-04-06 13:00:00,387.2,296.923
2019-04-06 14:00:00,403.27,343.355
2019-04-06 15:00:00,386.826,334.623
2019-04-06 16:00:00,416.943,392.241
2019-04-06 17:00:00,427.562,408.938
2019-04-06 18:00:00,332.374,303.457
2019-04-06 19:00:00,334.362,174.23
2019-04-06 20:00:00,189.643,170.349
2019-04-06 21:00:00,137.253,125.202
2019-04-06 22:00:00,117.514,111.262
2019-04-06 23:00:00,113.398,112.617
2019-04-07 00:00:00,102.822,110.923
2019-04-07 01:00:00,107.249,108.886
2019-04-07 02:00:00,108.663,105.139
2019-04-07 03:00:00,116.522,106.455
2019-04-07 04:00:00,119.054,103.883
2019-04-07 05:00:00,123.765,101.652
2019-04-07 06:00:00,123.913,108.258
2019-04-07 07:00:00,132.172,155.293
2019-04-07 08:00:00,356.008,293.602
2019-04-07 09:00:00,269.703,247.692
2019-04-07 10:00:00,350.866,297.661
2019-04-07 11:00:00,342.877,298.839
2019-04-07 12:00:00,368.015,306.555
2019-04-07 13:00:00,380.225,336.077
2019-04-07 14:00:00,346.45,348.897
2019-04-07 15:00:00,349.221,339.395
2019-04-07 16:00:00,358.03,349.397
2019-04-07 17:00:00,350.118,351.559
2019-04-07 18:00:00,338.432,305.152
2019-04-07 19:00:00,258.773,193.38
2019-04-07 20:00:00,185.825,176.007
2019-04-07 21:00:00,150.855,136.982
2019-04-07 22:00:00,120.396,111.407
2019-04-07 23:00:00,116.196,111.991
2019-04-08 00:00:00,107.338,113.626
2019-04-08 01:00:00,86.687,86.357
2019-04-08 02:00:00,92.13,87.028
2019-04-08 03:00:00,97.317,86.439
2019-04-08 04:00:00,103.446,87.085
2019-04-08 05:00:00,105.68,85.408
2019-04-08 06:00:00,111.607,94.815
2019-04-08 07:00:00,118.457,110.228
2019-04-08 08:00:00,126.946,92.798
2019-04-08 09:00:00,130.813,87.887
2019-04-08 10:00:00,139.166,102.46
2019-04-08 11:00:00,136.858,162.096
2019-04-08 12:00:00,106.833,87.217
2019-04-08 13:00:00,114.842,88.829
2019-04-08 14:00:00,116.034,93.492
2019-04-08 15:00:00,91.183,86.54
2019-04-08 16:00:00,86.142,90.189
2019-04-08 17:00:00,81.612,87.257
2019-04-08 18:00:00,70.837,98.664
2019-04-08 19:00:00,70.409,89.592
2019-04-08 20:00:00,71.932,89.297
2019-04-08 21:00:00,76.578,87.236
2019-04-08 22:00:00,82.079,86.861
2019-04-08 23:00:00,90.235,87.049
2019-04-09 00:00:00,79.716,87.758
2019-04-09 01:00:00,102.248,103.136
2019-04-09 02:00:00,112.116,104.842
2019-04-09 03:00:00,113.112,101.748
2019-04-09 04:00:00,119.326,101.722
2019-04-09 05:00:00,122.897,101.204
2019-04-09 06:00:00,129.379,114.084
2019-04-09 07:00:00,143.095,159.446
2019-04-09 08:00:00,402.291,295.096
2019-04-09 09:00:00,431.783,298.959
2019-04-09 10:00:00,446.504,330.992
2019-04-09 11:00:00,483.595,403.61
2019-04-09 12:00:00,494.439,407.745
2019-04-09 13:00:00,487.171,405.094
2019-04-09 14:00:00,373.839,319.883
2019-04-09 15:00:00,353.743,318.584
2019-04-09 16:00:00,366.228,329.094
2019-04-09 17:00:00,355.364,328.89
2019-04-09 18:00:00,320.788,299.797
2019-04-09 19:00:00,302.864,178.849
2019-04-09 20:00:00,158.244,153.232
2019-04-09 21:00:00,124.299,117.091
2019-04-09 22:00:00,100.48,103.842
2019-04-09 23:00:00,109.562,107.261
2019-04-10 00:00:00,92.373,100.977
2019-04-10 01:00:00,103.212,104.868
2019-04-10 02:00:00,116.044,107.479
2019-04-10 03:00:00,113.422,100.805
2019-04-10 04:00:00,120.304,105.136
2019-04-10 05:00:00,120.018,99.152
2019-04-10 06:00:00,122.162,106.034
2019-04-10 07:00:00,154.436,167.655
2019-04-10 08:00:00,408.925,298.534
2019-04-10 09:00:00,338.832,275.714
2019-04-10 10:00:00,419.797,322.233
2019-04-10 11:00:00,446.186,372.454
2019-04-10 12:00:00,449.604,337.151
2019-04-10 13:00:00,448.735,350.013
2019-04-10 14:00:00,443.772,356.134
2019-04-10 15:00:00,456.192,415.207
2019-04-10 16:00:00,439.87,417.311
2019-04-10 17:00:00,432.0,410.538
2019-04-10 18:00:00,390.867,336.516
2019-04-10 19:00:00,287.677,189.696
2019-04-10 20:00:00,165.748,152.595
2019-04-10 21:00:00,118.239,115.034
2019-04-10 22:00:00,105.447,105.121
2019-04-10 23:00:00,109.429,107.138
2019-04-11 00:00:00,94.997,104.331
2019-04-11 01:00:00,102.396,102.739
2019-04-11 02:00:00,107.722,101.581
2019-04-11 03:00:00,112.797,100.715
2019-04-11 04:00:00,121.74,106.612
2019-04-11 05:00:00,121.286,104.646
2019-04-11 06:00:00,129.98,115.372
2019-04-11 07:00:00,263.65,247.246
2019-04-11 08:00:00,277.546,238.047
2019-04-11 09:00:00,320.577,258.748
2019-04-11 10:00:00,352.654,331.058
2019-04-11 11:00:00,360.803,333.052
2019-04-11 12:00:00,367.254,327.265
2019-04-11 13:00:00,386.675,312.424
2019-04-11 14:00:00,351.839,348.503
2019-04-11 15:00:00,340.766,341.163
